,연월,지사,총 건수,상수,하수,가스,전기,통신,난방,기타1),병행2)
0,2020-01,강원,127.0,54.0,13.0,2.0,13.0,7.0,0.0,37.0,1.0
1,2020-01,경기,1161.0,323.0,184.0,113.0,115.0,40.0,40.0,332.0,14.0
2,2020-01,광주전남,1399.0,578.0,159.0,141.0,141.0,152.0,0.0,221.0,7.0
3,2020-01,대구경북,1208.0,458.0,190.0,83.0,182.0,51.0,15.0,215.0,14.0
4,2020-01,대전충청,1029.0,343.0,142.0,204.0,96.0,30.0,1.0,206.0,7.0
5,2020-01,부산경남,3346.0,1094.0,360.0,526.0,332.0,420.0,4.0,596.0,14.0
6,2020-01,서울,2696.0,1111.0,317.0,539.0,170.0,56.0,14.0,484.0,5.0
7,2020-01,인천,559.0,292.0,62.0,55.0,52.0,24.0,2.0,72.0,0.0
8,2020-01,전북,278.0,110.0,57.0,12.0,46.0,13.0,0.0,38.0,2.0
9,2020-01,제주,6.0,0.0,1.0,2.0,1.0,0.0,0.0,2.0,0.0
10,2020-02,강원,226.0,132.0,17.0,7.0,22.0,10.0,0.0,34.0,4.0
11,2020-02,경기,1639.0,388.0,281.0,107.0,144.0,115.0,53.0,521.0,30.0
12,2020-02,광주전남,1547.0,414.0,333.0,129.0,155.0,179.0,0.0,328.0,9.0
13,2020-02,대구경북,1586.0,515.0,354.0,130.0,183.0,96.0,2.0,266.0,40.0
14,2020-02,대전충청,1771.0,581.0,270.0,271.0,135.0,54.0,2.0,454.0,4.0
15,2020-02,부산경남,3211.0,1102.0,470.0,561.0,337.0,194.0,6.0,536.0,5.0
16,2020-02,서울,3085.0,1315.0,625.0,397.0,176.0,147.0,8.0,409.0,8.0
17,2020-02,인천,784.0,351.0,102.0,55.0,200.0,34.0,1.0,41.0,0.0
18,2020-02,전북,417.0,202.0,63.0,22.0,46.0,18.0,0.0,63.0,3.0
19,2020-02,제주,7.0,1.0,2.0,1.0,1.0,0.0,0.0,2.0,0.0
20,2020-03,강원,500.0,219.0,75.0,27.0,60.0,24.0,0.0,92.0,3.0
21,2020-03,경기,4184.0,897.0,1117.0,347.0,294.0,153.0,93.0,1246.0,37.0
22,2020-03,광주전남,2061.0,740.0,297.0,209.0,205.0,250.0,2.0,353.0,5.0
23,2020-03,대구경북,2027.0,624.0,249.0,284.0,262.0,117.0,5.0,473.0,13.0
24,2020-03,대전충청,2615.0,793.0,417.0,574.0,147.0,66.0,2.0,604.0,12.0
25,2020-03,부산경남,4145.0,1400.0,544.0,646.0,371.0,613.0,3.0,554.0,14.0
26,2020-03,서울,5631.0,1916.0,1627.0,390.0,350.0,231.0,18.0,1066.0,33.0
27,2020-03,인천,1292.0,561.0,173.0,127.0,118.0,118.0,14.0,175.0,6.0
28,2020-03,전북,645.0,209.0,139.0,35.0,84.0,52.0,0.0,117.0,9.0
29,2020-03,제주,10.0,0.0,1.0,4.0,0.0,0.0,0.0,5.0,0.0
30,2020-04,강원,517.0,227.0,43.0,28.0,76.0,16.0,0.0,123.0,4.0
31,2020-04,경기,3109.0,822.0,718.0,203.0,329.0,359.0,95.0,556.0,27.0
32,2020-04,광주전남,2186.0,804.0,295.0,192.0,232.0,268.0,1.0,374.0,20.0
33,2020-04,대구경북,2034.0,649.0,260.0,343.0,255.0,133.0,3.0,380.0,11.0
34,2020-04,대전충청,2344.0,715.0,406.0,435.0,157.0,112.0,9.0,475.0,35.0
35,2020-04,부산경남,4432.0,1730.0,682.0,484.0,420.0,445.0,0.0,649.0,22.0
36,2020-04,서울,5600.0,1852.0,1617.0,348.0,577.0,218.0,24.0,943.0,21.0
37,2020-04,인천,1304.0,535.0,186.0,106.0,146.0,114.0,9.0,206.0,2.0
38,2020-04,전북,500.0,201.0,90.0,33.0,60.0,47.0,0.0,67.0,2.0
39,2020-04,제주,13.0,1.0,1.0,2.0,2.0,0.0,0.0,7.0,0.0
40,2020-05,강원,528.0,216.0,54.0,55.0,91.0,36.0,0.0,75.0,1.0
41,2020-05,경기,2902.0,731.0,584.0,208.0,256.0,330.0,94.0,651.0,48.0
42,2020-05,광주전남,2241.0,711.0,267.0,139.0,235.0,368.0,4.0,507.0,10.0
43,2020-05,대구경북,2310.0,815.0,356.0,326.0,299.0,116.0,6.0,364.0,28.0
44,2020-05,대전충청,2702.0,600.0,398.0,852.0,168.0,249.0,7.0,404.0,24.0
45,2020-05,부산경남,4211.0,1513.0,586.0,544.0,506.0,456.0,5.0,576.0,25.0
46,2020-05,서울,5729.0,1650.0,1574.0,619.0,508.0,183.0,30.0,1150.0,15.0
47,2020-05,인천,1343.0,509.0,228.0,118.0,120.0,127.0,9.0,228.0,4.0
48,2020-05,전북,821.0,238.0,243.0,36.0,58.0,180.0,1.0,63.0,2.0
49,2020-05,제주,8.0,1.0,3.0,0.0,0.0,0.0,0.0,4.0,0.0
50,2020-06,강원,476.0,207.0,47.0,64.0,40.0,54.0,0.0,62.0,2.0
51,2020-06,경기,3273.0,916.0,665.0,393.0,265.0,279.0,84.0,627.0,44.0
52,2020-06,광주전남,2042.0,673.0,247.0,177.0,275.0,278.0,1.0,375.0,16.0
53,2020-06,대구경북,2258.0,872.0,190.0,488.0,239.0,140.0,5.0,299.0,25.0
54,2020-06,대전충청,2567.0,599.0,346.0,842.0,204.0,139.0,5.0,399.0,33.0
55,2020-06,부산경남,4277.0,1570.0,492.0,608.0,448.0,529.0,8.0,572.0,50.0
56,2020-06,서울,5308.0,1623.0,1450.0,360.0,502.0,220.0,38.0,1078.0,37.0
57,2020-06,인천,1418.0,485.0,232.0,124.0,290.0,144.0,15.0,126.0,2.0
58,2020-06,전북,609.0,220.0,136.0,62.0,63.0,70.0,0.0,58.0,0.0
59,2020-06,제주,10.0,0.0,2.0,2.0,4.0,0.0,0.0,2.0,0.0
60,2020-07,강원,370.0,168.0,47.0,20.0,41.0,29.0,0.0,50.0,15.0
61,2020-07,경기,2867.0,819.0,634.0,380.0,284.0,208.0,62.0,462.0,18.0
62,2020-07,광주전남,2003.0,751.0,202.0,194.0,210.0,242.0,1.0,361.0,42.0
63,2020-07,대구경북,1849.0,564.0,249.0,458.0,230.0,87.0,0.0,246.0,15.0
64,2020-07,대전충청,2290.0,544.0,308.0,730.0,220.0,118.0,5.0,354.0,11.0
65,2020-07,부산경남,3890.0,1279.0,491.0,551.0,409.0,629.0,6.0,506.0,19.0
66,2020-07,서울,5920.0,1948.0,1148.0,612.0,533.0,322.0,25.0,1320.0,12.0
67,2020-07,인천,1305.0,500.0,183.0,196.0,167.0,79.0,10.0,152.0,18.0
68,2020-07,전북,427.0,165.0,84.0,35.0,55.0,30.0,0.0,58.0,0.0
69,2020-07,제주,18.0,1.0,2.0,3.0,5.0,1.0,0.0,6.0,0.0
70,2020-08,강원,414.0,157.0,89.0,42.0,32.0,26.0,0.0,60.0,8.0
71,2020-08,경기,2729.0,596.0,519.0,334.0,219.0,269.0,63.0,647.0,82.0
72,2020-08,광주전남,2150.0,645.0,371.0,240.0,223.0,201.0,0.0,387.0,83.0
73,2020-08,대구경북,2333.0,676.0,315.0,549.0,268.0,113.0,4.0,399.0,9.0
74,2020-08,대전충청,2328.0,599.0,373.0,429.0,234.0,274.0,9.0,364.0,46.0
75,2020-08,부산경남,3789.0,1263.0,475.0,554.0,272.0,580.0,3.0,623.0,19.0
76,2020-08,서울,6709.0,1863.0,1065.0,584.0,940.0,528.0,24.0,1685.0,20.0
77,2020-08,인천,1164.0,378.0,140.0,130.0,182.0,148.0,7.0,175.0,4.0
78,2020-08,전북,630.0,205.0,142.0,80.0,50.0,57.0,0.0,90.0,6.0
79,2020-08,제주,9.0,1.0,4.0,1.0,1.0,0.0,0.0,2.0,0.0
80,2020-09,강원,410.0,166.0,72.0,35.0,52.0,25.0,0.0,59.0,1.0
81,2020-09,경기,3637.0,821.0,741.0,352.0,322.0,479.0,97.0,672.0,153.0
82,2020-09,광주전남,2444.0,716.0,341.0,446.0,231.0,166.0,0.0,536.0,8.0
83,2020-09,대구경북,2597.0,833.0,254.0,713.0,269.0,184.0,5.0,329.0,10.0
84,2020-09,대전충청,2534.0,735.0,381.0,663.0,234.0,188.0,7.0,321.0,5.0
85,2020-09,부산경남,4060.0,1432.0,578.0,773.0,282.0,412.0,8.0,537.0,38.0
86,2020-09,서울,8083.0,2158.0,1462.0,859.0,874.0,617.0,63.0,2000.0,50.0
87,2020-09,인천,1214.0,441.0,203.0,102.0,173.0,177.0,4.0,112.0,2.0
88,2020-09,전북,641.0,306.0,124.0,32.0,59.0,66.0,0.0,49.0,5.0
89,2020-09,제주,17.0,0.0,1.0,6.0,1.0,8.0,0.0,1.0,0.0
90,2020-10,강원,614.0,219.0,98.0,49.0,57.0,50.0,0.0,133.0,8.0
91,2020-10,경기,4334.0,1119.0,932.0,433.0,488.0,391.0,88.0,815.0,68.0
92,2020-10,광주전남,2906.0,795.0,341.0,664.0,357.0,238.0,3.0,494.0,14.0
93,2020-10,대구경북,2937.0,1110.0,304.0,669.0,266.0,155.0,8.0,382.0,43.0
94,2020-10,대전충청,2867.0,693.0,351.0,819.0,282.0,272.0,9.0,396.0,45.0
95,2020-10,부산경남,4919.0,1855.0,606.0,620.0,430.0,519.0,4.0,865.0,20.0
96,2020-10,서울,9148.0,2444.0,1583.0,1088.0,893.0,799.0,78.0,2254.0,9.0
97,2020-10,인천,1434.0,560.0,194.0,100.0,199.0,175.0,12.0,189.0,5.0
98,2020-10,전북,738.0,331.0,98.0,71.0,71.0,39.0,1.0,123.0,4.0
99,2020-10,제주,6.0,3.0,2.0,0.0,0.0,0.0,0.0,1.0,0.0
100,2020-11,강원,659.0,267.0,101.0,42.0,73.0,53.0,0.0,121.0,2.0
101,2020-11,경기,4475.0,985.0,870.0,789.0,378.0,432.0,106.0,849.0,66.0
102,2020-11,광주전남,3085.0,1030.0,307.0,623.0,294.0,279.0,5.0,487.0,60.0
103,2020-11,대구경북,3180.0,1095.0,274.0,882.0,271.0,192.0,8.0,451.0,7.0
104,2020-11,대전충청,2942.0,739.0,388.0,919.0,223.0,140.0,10.0,496.0,27.0
105,2020-11,부산경남,5470.0,2350.0,614.0,624.0,432.0,634.0,5.0,795.0,16.0
106,2020-11,서울,6031.0,2157.0,1051.0,548.0,765.0,411.0,17.0,1022.0,60.0
107,2020-11,인천,1580.0,629.0,205.0,170.0,281.0,145.0,14.0,133.0,3.0
108,2020-11,전북,761.0,377.0,99.0,53.0,59.0,83.0,0.0,83.0,7.0
109,2020-11,제주,14.0,4.0,3.0,3.0,3.0,0.0,0.0,1.0,0.0
110,2020-12,강원,339.0,201.0,39.0,22.0,34.0,8.0,0.0,33.0,2.0
111,2020-12,경기,2848.0,990.0,437.0,311.0,292.0,153.0,60.0,555.0,50.0
112,2020-12,광주전남,2656.0,859.0,220.0,508.0,311.0,302.0,0.0,424.0,32.0
113,2020-12,대구경북,2556.0,896.0,203.0,689.0,212.0,135.0,2.0,409.0,10.0
114,2020-12,대전충청,2315.0,769.0,322.0,504.0,199.0,140.0,2.0,363.0,16.0
115,2020-12,부산경남,4089.0,1609.0,518.0,450.0,372.0,428.0,15.0,683.0,14.0
116,2020-12,서울,3659.0,1758.0,543.0,362.0,270.0,169.0,19.0,531.0,7.0
117,2020-12,인천,1244.0,688.0,149.0,101.0,119.0,40.0,9.0,135.0,3.0
118,2020-12,전북,705.0,316.0,60.0,60.0,30.0,172.0,2.0,64.0,1.0
119,2020-12,제주,8.0,2.0,3.0,2.0,1.0,0.0,0.0,0.0,0.0
120,2021-01,강원,294.0,112.0,31.0,4.0,18.0,9.0,0.0,118.0,2.0
121,2021-01,경기,1627.0,545.0,158.0,289.0,122.0,101.0,47.0,349.0,16.0
122,2021-01,광주전남,1828.0,693.0,237.0,314.0,164.0,127.0,0.0,279.0,14.0
123,2021-01,대구경북,1682.0,793.0,148.0,293.0,130.0,51.0,2.0,259.0,6.0
124,2021-01,대전충청,1399.0,602.0,187.0,192.0,58.0,72.0,5.0,279.0,4.0
125,2021-01,부산경남,3170.0,1248.0,554.0,469.0,325.0,185.0,18.0,361.0,10.0
126,2021-01,서울,2826.0,1399.0,314.0,201.0,130.0,108.0,13.0,657.0,4.0
127,2021-01,인천,688.0,373.0,69.0,65.0,46.0,37.0,5.0,91.0,2.0
128,2021-01,전북,557.0,230.0,183.0,11.0,38.0,19.0,0.0,70.0,6.0
129,2021-01,제주,5.0,0.0,2.0,3.0,0.0,0.0,0.0,0.0,0.0
130,2021-02,강원,284.0,170.0,45.0,1.0,24.0,5.0,0.0,37.0,2.0
131,2021-02,경기,2088.0,412.0,269.0,235.0,180.0,171.0,48.0,761.0,12.0
132,2021-02,광주전남,1864.0,592.0,310.0,351.0,139.0,147.0,0.0,320.0,5.0
133,2021-02,대구경북,1793.0,705.0,145.0,298.0,206.0,82.0,1.0,350.0,6.0
134,2021-02,대전충청,1642.0,630.0,250.0,230.0,143.0,102.0,8.0,274.0,5.0
135,2021-02,부산경남,3458.0,1247.0,486.0,465.0,423.0,459.0,4.0,365.0,9.0
136,2021-02,서울,3406.0,1323.0,345.0,413.0,195.0,187.0,18.0,921.0,4.0
137,2021-02,인천,746.0,377.0,80.0,50.0,69.0,50.0,5.0,111.0,4.0
138,2021-02,전북,420.0,191.0,99.0,12.0,34.0,31.0,0.0,50.0,3.0
139,2021-02,제주,10.0,1.0,2.0,3.0,0.0,0.0,0.0,4.0,0.0
140,2021-03,강원,717.0,355.0,85.0,16.0,85.0,15.0,2.0,153.0,6.0
141,2021-03,경기,4061.0,1194.0,831.0,522.0,293.0,316.0,82.0,786.0,37.0
142,2021-03,광주전남,2705.0,848.0,295.0,462.0,235.0,232.0,0.0,620.0,13.0
143,2021-03,대구경북,3216.0,1098.0,309.0,560.0,321.0,207.0,9.0,695.0,17.0
144,2021-03,대전충청,3478.0,1123.0,445.0,869.0,231.0,214.0,7.0,575.0,14.0
145,2021-03,부산경남,4155.0,1425.0,656.0,625.0,415.0,441.0,5.0,551.0,37.0
146,2021-03,서울,8131.0,2711.0,1400.0,657.0,684.0,536.0,64.0,2039.0,40.0
147,2021-03,인천,1438.0,593.0,220.0,91.0,150.0,158.0,17.0,205.0,4.0
148,2021-03,전북,737.0,354.0,127.0,42.0,40.0,105.0,0.0,66.0,3.0
149,2021-03,제주,24.0,0.0,3.0,9.0,6.0,2.0,0.0,4.0,0.0
150,2021-04,강원,972.0,443.0,127.0,52.0,98.0,43.0,0.0,207.0,2.0
151,2021-04,경기,4236.0,1325.0,798.0,438.0,411.0,311.0,75.0,816.0,62.0
152,2021-04,광주전남,3129.0,1000.0,309.0,626.0,234.0,313.0,3.0,634.0,10.0
153,2021-04,대구경북,3053.0,1071.0,303.0,670.0,340.0,143.0,5.0,507.0,14.0
154,2021-04,대전충청,3614.0,1123.0,561.0,743.0,232.0,306.0,11.0,630.0,8.0
155,2021-04,부산경남,4939.0,1775.0,654.0,682.0,525.0,593.0,3.0,688.0,19.0
156,2021-04,서울,8382.0,2391.0,1562.0,922.0,672.0,668.0,54.0,2089.0,24.0
157,2021-04,인천,1370.0,548.0,192.0,129.0,162.0,137.0,14.0,163.0,25.0
158,2021-04,전북,800.0,387.0,123.0,38.0,69.0,73.0,13.0,93.0,4.0
159,2021-04,제주,22.0,1.0,1.0,5.0,2.0,0.0,0.0,13.0,0.0
160,2021-05,강원,669.0,263.0,70.0,53.0,69.0,30.0,0.0,173.0,11.0
161,2021-05,경기,3689.0,1116.0,754.0,325.0,333.0,267.0,68.0,774.0,52.0
162,2021-05,광주전남,2837.0,835.0,282.0,725.0,203.0,392.0,1.0,388.0,11.0
163,2021-05,대구경북,3027.0,931.0,322.0,826.0,237.0,186.0,24.0,490.0,11.0
164,2021-05,대전충청,3482.0,993.0,383.0,1015.0,219.0,222.0,10.0,625.0,15.0
165,2021-05,부산경남,5159.0,1825.0,723.0,581.0,396.0,836.0,6.0,782.0,10.0
166,2021-05,서울,7043.0,1930.0,1098.0,920.0,680.0,673.0,33.0,1687.0,22.0
167,2021-05,인천,1363.0,406.0,210.0,110.0,224.0,172.0,9.0,231.0,1.0
168,2021-05,전북,763.0,330.0,203.0,51.0,60.0,51.0,0.0,66.0,2.0
169,2021-05,제주,19.0,2.0,1.0,11.0,2.0,2.0,0.0,1.0,0.0
170,2021-06,강원,767.0,330.0,98.0,52.0,78.0,79.0,0.0,126.0,4.0
171,2021-06,경기,4347.0,1167.0,995.0,427.0,465.0,243.0,85.0,911.0,54.0
172,2021-06,광주전남,2984.0,854.0,340.0,672.0,285.0,268.0,1.0,547.0,17.0
173,2021-06,대구경북,3629.0,1401.0,305.0,939.0,352.0,157.0,7.0,430.0,38.0
174,2021-06,대전충청,4438.0,1169.0,671.0,1260.0,219.0,334.0,21.0,710.0,54.0
175,2021-06,부산경남,5069.0,1729.0,732.0,589.0,653.0,479.0,5.0,862.0,20.0
176,2021-06,서울,7437.0,2118.0,1242.0,647.0,662.0,750.0,54.0,1934.0,30.0
177,2021-06,인천,1549.0,601.0,205.0,110.0,221.0,157.0,4.0,244.0,7.0
178,2021-06,전북,748.0,281.0,116.0,40.0,64.0,133.0,0.0,113.0,1.0
179,2021-06,제주,16.0,4.0,1.0,3.0,2.0,0.0,0.0,6.0,0.0
180,2021-07,강원,661.0,301.0,96.0,39.0,61.0,70.0,0.0,90.0,4.0
181,2021-07,경기,3696.0,1144.0,665.0,373.0,382.0,322.0,73.0,706.0,31.0
182,2021-07,광주전남,2728.0,740.0,305.0,584.0,260.0,261.0,1.0,555.0,22.0
183,2021-07,대구경북,3004.0,1033.0,313.0,740.0,292.0,203.0,7.0,395.0,21.0
184,2021-07,대전충청,3256.0,879.0,490.0,786.0,191.0,240.0,8.0,630.0,32.0
185,2021-07,부산경남,4797.0,1429.0,649.0,776.0,521.0,705.0,4.0,706.0,7.0
186,2021-07,서울,7931.0,2328.0,1241.0,585.0,619.0,1059.0,38.0,2044.0,17.0
187,2021-07,인천,1478.0,627.0,194.0,111.0,177.0,175.0,21.0,170.0,3.0
188,2021-07,전북,627.0,281.0,92.0,48.0,63.0,47.0,1.0,93.0,2.0
189,2021-07,제주,50.0,32.0,2.0,12.0,0.0,0.0,0.0,4.0,0.0
190,2021-08,강원,731.0,314.0,68.0,36.0,50.0,151.0,1.0,109.0,2.0
191,2021-08,경기,3484.0,786.0,671.0,389.0,215.0,600.0,94.0,711.0,18.0
192,2021-08,광주전남,2415.0,696.0,257.0,545.0,216.0,301.0,2.0,390.0,8.0
193,2021-08,대구경북,2665.0,748.0,257.0,732.0,347.0,124.0,3.0,445.0,9.0
194,2021-08,대전충청,3111.0,862.0,464.0,643.0,229.0,263.0,6.0,583.0,61.0
195,2021-08,부산경남,4051.0,1391.0,581.0,573.0,486.0,419.0,3.0,590.0,8.0
196,2021-08,서울,6752.0,2064.0,936.0,522.0,607.0,678.0,72.0,1855.0,18.0
197,2021-08,인천,1520.0,533.0,154.0,128.0,233.0,141.0,16.0,304.0,11.0
198,2021-08,전북,747.0,346.0,102.0,77.0,42.0,68.0,0.0,103.0,9.0
199,2021-08,제주,18.0,5.0,2.0,3.0,1.0,1.0,0.0,6.0,0.0
200,2021-09,강원,589.0,266.0,76.0,47.0,45.0,81.0,0.0,70.0,4.0
201,2021-09,경기,3856.0,888.0,660.0,328.0,389.0,273.0,64.0,793.0,461.0
202,2021-09,광주전남,2496.0,761.0,269.0,497.0,215.0,374.0,1.0,373.0,6.0
203,2021-09,대구경북,2715.0,746.0,327.0,775.0,314.0,151.0,8.0,385.0,9.0
204,2021-09,대전충청,2931.0,806.0,441.0,710.0,215.0,198.0,13.0,496.0,52.0
205,2021-09,부산경남,4038.0,1373.0,532.0,601.0,413.0,392.0,5.0,714.0,8.0
206,2021-09,서울,6481.0,1855.0,953.0,454.0,738.0,809.0,72.0,1587.0,13.0
207,2021-09,인천,1400.0,454.0,144.0,115.0,242.0,137.0,6.0,280.0,22.0
208,2021-09,전북,533.0,236.0,74.0,50.0,54.0,28.0,9.0,73.0,9.0
209,2021-09,제주,14.0,1.0,3.0,2.0,0.0,1.0,0.0,7.0,0.0
210,2021-10,강원,939.0,265.0,103.0,83.0,167.0,206.0,0.0,100.0,15.0
211,2021-10,경기,4031.0,1006.0,644.0,467.0,447.0,356.0,81.0,980.0,50.0
212,2021-10,광주전남,2834.0,853.0,287.0,544.0,276.0,307.0,3.0,530.0,34.0
213,2021-10,대구경북,3505.0,1169.0,247.0,762.0,474.0,302.0,4.0,537.0,10.0
214,2021-10,대전충청,3547.0,933.0,406.0,784.0,385.0,379.0,12.0,620.0,28.0
215,2021-10,부산경남,4831.0,1580.0,525.0,630.0,553.0,569.0,8.0,933.0,33.0
216,2021-10,서울,7019.0,2332.0,981.0,465.0,791.0,596.0,73.0,1748.0,33.0
217,2021-10,인천,1561.0,458.0,186.0,116.0,421.0,193.0,12.0,171.0,4.0
218,2021-10,전북,699.0,278.0,105.0,51.0,71.0,75.0,1.0,114.0,4.0
219,2021-10,제주,35.0,7.0,9.0,9.0,2.0,0.0,0.0,4.0,4.0
220,2021-11,강원,708.0,283.0,81.0,58.0,90.0,56.0,0.0,131.0,9.0
221,2021-11,경기,4622.0,1277.0,765.0,589.0,422.0,499.0,89.0,924.0,57.0
222,2021-11,광주전남,2923.0,732.0,412.0,594.0,286.0,395.0,1.0,489.0,14.0
223,2021-11,대구경북,3549.0,1047.0,241.0,1025.0,363.0,288.0,13.0,545.0,27.0
224,2021-11,대전충청,4343.0,1024.0,626.0,1255.0,277.0,556.0,3.0,576.0,26.0
225,2021-11,부산경남,4941.0,1768.0,606.0,637.0,561.0,492.0,7.0,809.0,61.0
226,2021-11,서울,7645.0,2438.0,874.0,584.0,836.0,892.0,55.0,1916.0,50.0
227,2021-11,인천,1878.0,497.0,203.0,189.0,240.0,441.0,20.0,273.0,15.0
228,2021-11,전북,751.0,247.0,108.0,78.0,43.0,112.0,0.0,126.0,37.0
229,2021-11,제주,46.0,4.0,18.0,15.0,2.0,1.0,0.0,6.0,0.0
230,2021-12,강원,646.0,169.0,66.0,49.0,85.0,150.0,0.0,125.0,2.0
231,2021-12,경기,3295.0,1076.0,552.0,400.0,270.0,244.0,42.0,696.0,15.0
232,2021-12,광주전남,2596.0,626.0,332.0,489.0,371.0,363.0,3.0,393.0,19.0
233,2021-12,대구경북,2715.0,951.0,220.0,676.0,269.0,148.0,0.0,441.0,10.0
234,2021-12,대전충청,2543.0,893.0,380.0,586.0,199.0,120.0,3.0,333.0,29.0
235,2021-12,부산경남,3999.0,1474.0,442.0,621.0,519.0,244.0,5.0,652.0,42.0
236,2021-12,서울,4734.0,1890.0,605.0,348.0,347.0,260.0,16.0,1267.0,1.0
237,2021-12,인천,1260.0,466.0,159.0,152.0,118.0,185.0,5.0,169.0,6.0
238,2021-12,전북,584.0,249.0,123.0,70.0,40.0,27.0,0.0,71.0,4.0
239,2021-12,제주,26.0,7.0,5.0,7.0,1.0,0.0,0.0,6.0,0.0
240,2022-01,강원,194.0,94.0,20.0,5.0,18.0,17.0,0.0,36.0,4.0
241,2022-01,경기,1431.0,364.0,183.0,108.0,121.0,88.0,34.0,520.0,13.0
242,2022-01,광주전남,2207.0,737.0,210.0,385.0,199.0,273.0,0.0,396.0,7.0
243,2022-01,대구경북,1762.0,735.0,130.0,340.0,217.0,82.0,4.0,240.0,14.0
244,2022-01,대전충청,1411.0,483.0,195.0,206.0,119.0,123.0,7.0,264.0,14.0
245,2022-01,부산경남,3572.0,1438.0,480.0,488.0,391.0,181.0,5.0,568.0,21.0
246,2022-01,서울,3068.0,1283.0,307.0,376.0,160.0,66.0,11.0,864.0,1.0
247,2022-01,인천,686.0,259.0,65.0,63.0,68.0,110.0,10.0,105.0,6.0
248,2022-01,전북,375.0,227.0,43.0,12.0,38.0,15.0,2.0,34.0,4.0
249,2022-01,제주,24.0,2.0,9.0,6.0,1.0,0.0,0.0,5.0,1.0
250,2022-02,강원,301.0,145.0,28.0,11.0,21.0,55.0,0.0,41.0,0.0
251,2022-02,경기,1996.0,409.0,356.0,154.0,158.0,199.0,44.0,664.0,12.0
252,2022-02,광주전남,1871.0,637.0,155.0,362.0,159.0,179.0,0.0,365.0,14.0
253,2022-02,대구경북,1927.0,709.0,211.0,340.0,193.0,82.0,2.0,361.0,29.0
254,2022-02,대전충청,1461.0,529.0,239.0,219.0,100.0,87.0,7.0,274.0,6.0
255,2022-02,부산경남,3402.0,1415.0,397.0,435.0,315.0,220.0,1.0,603.0,16.0
256,2022-02,서울,3107.0,1308.0,338.0,298.0,201.0,179.0,17.0,763.0,3.0
257,2022-02,인천,878.0,209.0,58.0,49.0,50.0,385.0,2.0,103.0,22.0
258,2022-02,전북,398.0,222.0,53.0,14.0,30.0,26.0,2.0,51.0,0.0
259,2022-02,제주,32.0,4.0,1.0,8.0,13.0,1.0,0.0,5.0,0.0
260,2022-03,강원,712.0,360.0,73.0,21.0,66.0,40.0,0.0,145.0,7.0
261,2022-03,경기,3857.0,1082.0,742.0,320.0,318.0,521.0,69.0,762.0,43.0
262,2022-03,광주전남,2667.0,1004.0,263.0,473.0,210.0,271.0,0.0,442.0,4.0
263,2022-03,대구경북,2567.0,992.0,247.0,365.0,285.0,132.0,11.0,508.0,27.0
264,2022-03,대전충청,3568.0,1253.0,411.0,895.0,237.0,185.0,6.0,548.0,33.0
265,2022-03,부산경남,4120.0,1469.0,580.0,592.0,367.0,507.0,6.0,573.0,26.0
266,2022-03,서울,5819.0,2065.0,976.0,573.0,357.0,354.0,54.0,1429.0,11.0
267,2022-03,인천,1193.0,426.0,138.0,77.0,137.0,272.0,9.0,129.0,5.0
268,2022-03,전북,773.0,424.0,115.0,16.0,60.0,46.0,0.0,107.0,5.0
269,2022-03,제주,17.0,5.0,2.0,2.0,5.0,1.0,0.0,2.0,0.0
270,2022-04,강원,870.0,370.0,82.0,35.0,60.0,129.0,1.0,191.0,2.0
271,2022-04,경기,4226.0,1161.0,771.0,349.0,434.0,524.0,71.0,842.0,74.0
272,2022-04,광주전남,2958.0,884.0,309.0,589.0,202.0,395.0,1.0,554.0,24.0
273,2022-04,대구경북,3128.0,1157.0,324.0,611.0,336.0,199.0,3.0,484.0,14.0
274,2022-04,대전충청,3427.0,1097.0,384.0,776.0,238.0,279.0,5.0,623.0,25.0
275,2022-04,부산경남,4439.0,1714.0,586.0,689.0,392.0,445.0,8.0,583.0,22.0
276,2022-04,서울,7486.0,2275.0,1663.0,507.0,499.0,506.0,50.0,1960.0,26.0
277,2022-04,인천,1406.0,438.0,146.0,109.0,182.0,296.0,10.0,225.0,0.0
278,2022-04,전북,713.0,239.0,97.0,68.0,40.0,110.0,1.0,147.0,11.0
279,2022-04,제주,29.0,12.0,9.0,5.0,3.0,0.0,0.0,0.0,0.0
280,2022-05,강원,856.0,410.0,100.0,47.0,70.0,71.0,1.0,154.0,3.0
281,2022-05,경기,4872.0,1214.0,711.0,374.0,472.0,734.0,80.0,1207.0,80.0
282,2022-05,광주전남,3313.0,960.0,290.0,750.0,231.0,477.0,2.0,567.0,36.0
283,2022-05,대구경북,3180.0,1062.0,286.0,526.0,377.0,284.0,6.0,607.0,32.0
284,2022-05,대전충청,3306.0,992.0,411.0,667.0,276.0,269.0,7.0,671.0,13.0
285,2022-05,부산경남,4957.0,1934.0,783.0,530.0,468.0,544.0,8.0,669.0,21.0
286,2022-05,서울,7615.0,2386.0,1340.0,543.0,614.0,739.0,61.0,1926.0,6.0
287,2022-05,인천,1587.0,545.0,183.0,114.0,190.0,341.0,6.0,196.0,12.0
288,2022-05,전북,771.0,307.0,121.0,60.0,82.0,101.0,2.0,98.0,0.0
289,2022-05,제주,27.0,12.0,3.0,1.0,5.0,0.0,0.0,6.0,0.0
290,2022-06,강원,798.0,395.0,72.0,47.0,73.0,76.0,0.0,111.0,24.0
291,2022-06,경기,3848.0,985.0,668.0,313.0,373.0,425.0,68.0,952.0,64.0
292,2022-06,광주전남,2569.0,850.0,216.0,532.0,142.0,382.0,2.0,410.0,35.0
293,2022-06,대구경북,2823.0,1023.0,291.0,578.0,305.0,169.0,3.0,437.0,17.0
294,2022-06,대전충청,3235.0,831.0,339.0,1047.0,194.0,267.0,15.0,530.0,12.0
295,2022-06,부산경남,4438.0,1652.0,600.0,680.0,404.0,397.0,7.0,681.0,17.0
296,2022-06,서울,6158.0,1644.0,1082.0,405.0,423.0,803.0,26.0,1756.0,19.0
297,2022-06,인천,1107.0,371.0,152.0,113.0,130.0,138.0,9.0,180.0,14.0
298,2022-06,전북,654.0,313.0,113.0,89.0,34.0,23.0,0.0,82.0,0.0
299,2022-06,제주,24.0,3.0,4.0,1.0,6.0,0.0,0.0,10.0,0.0
300,2022-07,강원,832.0,312.0,80.0,39.0,77.0,132.0,0.0,183.0,9.0
301,2022-07,경기,4366.0,1212.0,690.0,498.0,421.0,446.0,58.0,948.0,93.0
302,2022-07,광주전남,2500.0,858.0,307.0,424.0,157.0,353.0,0.0,394.0,7.0
303,2022-07,대구경북,2963.0,998.0,267.0,598.0,504.0,163.0,15.0,404.0,14.0
304,2022-07,대전충청,3217.0,872.0,422.0,729.0,191.0,244.0,6.0,728.0,25.0
305,2022-07,부산경남,4848.0,1823.0,498.0,700.0,449.0,547.0,5.0,797.0,29.0
306,2022-07,서울,7183.0,1887.0,1267.0,492.0,541.0,952.0,33.0,2008.0,3.0
307,2022-07,인천,1536.0,332.0,208.0,105.0,309.0,231.0,11.0,306.0,34.0
308,2022-07,전북,649.0,325.0,89.0,76.0,48.0,28.0,1.0,82.0,0.0
309,2022-07,제주,43.0,5.0,2.0,8.0,6.0,2.0,0.0,5.0,15.0
310,2022-08,강원,877.0,362.0,75.0,38.0,79.0,181.0,0.0,135.0,7.0
311,2022-08,경기,3781.0,931.0,635.0,274.0,281.0,533.0,46.0,992.0,89.0
312,2022-08,광주전남,3031.0,770.0,239.0,641.0,272.0,427.0,0.0,655.0,27.0
313,2022-08,대구경북,3089.0,989.0,214.0,753.0,326.0,174.0,10.0,615.0,8.0
314,2022-08,대전충청,3432.0,720.0,445.0,818.0,313.0,453.0,8.0,627.0,48.0
315,2022-08,부산경남,4859.0,1715.0,515.0,608.0,614.0,496.0,7.0,887.0,17.0
316,2022-08,서울,6565.0,1760.0,1145.0,526.0,386.0,683.0,64.0,1936.0,65.0
317,2022-08,인천,1252.0,338.0,170.0,103.0,196.0,168.0,14.0,255.0,8.0
318,2022-08,전북,746.0,294.0,82.0,70.0,59.0,42.0,1.0,197.0,1.0
319,2022-08,제주,56.0,8.0,6.0,7.0,1.0,26.0,0.0,7.0,1.0
320,2022-09,강원,892.0,391.0,78.0,45.0,58.0,177.0,0.0,118.0,25.0
321,2022-09,경기,4095.0,919.0,652.0,287.0,371.0,433.0,79.0,1282.0,72.0
322,2022-09,광주전남,2555.0,778.0,218.0,461.0,287.0,417.0,1.0,379.0,14.0
323,2022-09,대구경북,2789.0,959.0,237.0,632.0,285.0,159.0,6.0,492.0,19.0
324,2022-09,대전충청,3575.0,813.0,355.0,998.0,342.0,410.0,5.0,619.0,33.0
325,2022-09,부산경남,3906.0,1498.0,472.0,459.0,286.0,352.0,4.0,821.0,14.0
326,2022-09,서울,6510.0,1896.0,1209.0,466.0,531.0,671.0,24.0,1704.0,9.0
327,2022-09,인천,1565.0,402.0,232.0,226.0,154.0,241.0,11.0,299.0,0.0
328,2022-09,전북,695.0,246.0,116.0,60.0,83.0,84.0,0.0,86.0,20.0
329,2022-09,제주,24.0,2.0,6.0,6.0,1.0,2.0,0.0,7.0,0.0
330,2022-10,강원,917.0,427.0,95.0,54.0,64.0,67.0,0.0,154.0,56.0
331,2022-10,경기,4249.0,1159.0,651.0,399.0,305.0,342.0,85.0,1204.0,104.0
332,2022-10,광주전남,2558.0,732.0,219.0,528.0,271.0,272.0,5.0,514.0,17.0
333,2022-10,대구경북,3648.0,1046.0,271.0,694.0,330.0,431.0,5.0,857.0,14.0
334,2022-10,대전충청,3643.0,945.0,462.0,793.0,314.0,393.0,21.0,702.0,13.0
335,2022-10,부산경남,4217.0,1593.0,415.0,617.0,384.0,391.0,5.0,790.0,22.0
336,2022-10,서울,8372.0,2399.0,1094.0,591.0,986.0,772.0,52.0,2447.0,31.0
337,2022-10,인천,1748.0,464.0,190.0,139.0,275.0,283.0,20.0,367.0,10.0
338,2022-10,전북,601.0,293.0,60.0,47.0,72.0,74.0,1.0,45.0,9.0
339,2022-10,제주,29.0,6.0,2.0,3.0,13.0,0.0,0.0,4.0,1.0
340,2022-11,강원,1178.0,497.0,111.0,140.0,92.0,94.0,0.0,243.0,1.0
341,2022-11,경기,4563.0,1194.0,808.0,411.0,444.0,346.0,87.0,1205.0,68.0
342,2022-11,광주전남,3027.0,883.0,219.0,598.0,362.0,447.0,0.0,504.0,14.0
343,2022-11,대구경북,3426.0,1047.0,266.0,953.0,331.0,236.0,6.0,562.0,25.0
344,2022-11,대전충청,3850.0,1086.0,442.0,868.0,419.0,362.0,15.0,634.0,24.0
345,2022-11,부산경남,5032.0,1786.0,503.0,761.0,439.0,550.0,31.0,951.0,11.0
346,2022-11,서울,8681.0,2295.0,1196.0,835.0,904.0,994.0,47.0,2383.0,27.0
347,2022-11,인천,1943.0,502.0,199.0,182.0,191.0,355.0,11.0,495.0,8.0
348,2022-11,전북,894.0,266.0,69.0,120.0,69.0,67.0,1.0,297.0,5.0
349,2022-11,제주,22.0,3.0,1.0,10.0,6.0,0.0,0.0,2.0,0.0
350,2022-12,강원,356.0,136.0,36.0,36.0,50.0,14.0,0.0,83.0,1.0
351,2022-12,경기,2881.0,855.0,410.0,280.0,252.0,189.0,36.0,801.0,58.0
352,2022-12,광주전남,2169.0,635.0,213.0,340.0,233.0,354.0,0.0,360.0,34.0
353,2022-12,대구경북,2437.0,999.0,177.0,442.0,237.0,190.0,8.0,365.0,19.0
354,2022-12,대전충청,2377.0,726.0,478.0,256.0,196.0,179.0,8.0,505.0,29.0
355,2022-12,부산경남,3854.0,1400.0,400.0,340.0,460.0,371.0,8.0,855.0,20.0
356,2022-12,서울,4183.0,1611.0,506.0,267.0,347.0,262.0,17.0,1170.0,3.0
357,2022-12,인천,1061.0,358.0,102.0,135.0,98.0,169.0,9.0,189.0,1.0
358,2022-12,전북,437.0,211.0,69.0,30.0,42.0,20.0,0.0,65.0,0.0
359,2022-12,제주,24.0,4.0,5.0,9.0,3.0,0.0,0.0,3.0,0.0
360,2023-01,강원,236.0,84.0,19.0,5.0,26.0,43.0,2.0,55.0,2.0
361,2023-01,경기,1493.0,430.0,175.0,83.0,128.0,96.0,26.0,548.0,7.0
362,2023-01,광주전남,1848.0,804.0,170.0,230.0,153.0,218.0,2.0,267.0,4.0
363,2023-01,대구경북,1909.0,696.0,177.0,245.0,345.0,139.0,0.0,299.0,8.0
364,2023-01,대전충청,1378.0,483.0,297.0,182.0,98.0,110.0,3.0,200.0,5.0
365,2023-01,부산경남,3531.0,1366.0,719.0,316.0,305.0,249.0,2.0,569.0,5.0
366,2023-01,서울,2363.0,1052.0,307.0,164.0,155.0,115.0,16.0,552.0,2.0
367,2023-01,인천,547.0,219.0,58.0,104.0,63.0,29.0,4.0,66.0,4.0
368,2023-01,전북,373.0,119.0,43.0,7.0,39.0,83.0,0.0,82.0,0.0
369,2023-01,제주,22.0,8.0,3.0,5.0,3.0,0.0,0.0,3.0,0.0
370,2023-02,강원,538.0,297.0,59.0,14.0,47.0,26.0,1.0,92.0,2.0
371,2023-02,경기,2149.0,595.0,342.0,119.0,164.0,174.0,64.0,677.0,14.0
372,2023-02,광주전남,1948.0,643.0,222.0,342.0,227.0,170.0,0.0,336.0,8.0
373,2023-02,대구경북,2148.0,822.0,174.0,270.0,271.0,128.0,2.0,462.0,19.0
374,2023-02,대전충청,2221.0,796.0,305.0,407.0,185.0,176.0,14.0,325.0,13.0
375,2023-02,부산경남,3717.0,1394.0,441.0,419.0,402.0,219.0,9.0,825.0,8.0
376,2023-02,서울,2767.0,1315.0,546.0,147.0,135.0,105.0,18.0,497.0,4.0
377,2023-02,인천,765.0,270.0,93.0,56.0,65.0,70.0,8.0,200.0,3.0
378,2023-02,전북,445.0,192.0,73.0,13.0,34.0,25.0,0.0,107.0,1.0
379,2023-02,제주,36.0,8.0,11.0,7.0,9.0,0.0,0.0,1.0,0.0
380,2023-03,강원,788.0,346.0,114.0,23.0,73.0,63.0,0.0,168.0,1.0
381,2023-03,경기,3819.0,1076.0,771.0,305.0,409.0,371.0,60.0,809.0,18.0
382,2023-03,광주전남,2678.0,892.0,258.0,341.0,239.0,235.0,0.0,695.0,18.0
383,2023-03,대구경북,3065.0,1192.0,241.0,390.0,388.0,128.0,7.0,706.0,13.0
384,2023-03,대전충청,3596.0,1058.0,518.0,801.0,272.0,235.0,14.0,691.0,7.0
385,2023-03,부산경남,3755.0,1444.0,456.0,396.0,417.0,280.0,21.0,724.0,17.0
386,2023-03,서울,4698.0,1783.0,1398.0,213.0,226.0,168.0,21.0,872.0,17.0
387,2023-03,인천,1404.0,448.0,120.0,114.0,191.0,121.0,8.0,397.0,5.0
388,2023-03,전북,669.0,241.0,112.0,14.0,123.0,23.0,0.0,138.0,18.0
389,2023-03,제주,25.0,7.0,5.0,5.0,3.0,0.0,0.0,5.0,0.0
390,2023-04,강원,784.0,330.0,96.0,35.0,66.0,23.0,0.0,226.0,8.0
391,2023-04,경기,3993.0,983.0,752.0,328.0,482.0,238.0,68.0,1098.0,44.0
392,2023-04,광주전남,2118.0,694.0,271.0,353.0,206.0,197.0,1.0,387.0,9.0
393,2023-04,대구경북,2479.0,896.0,227.0,369.0,354.0,108.0,10.0,498.0,17.0
394,2023-04,대전충청,3064.0,914.0,374.0,534.0,247.0,193.0,15.0,776.0,11.0
395,2023-04,부산경남,3877.0,1373.0,490.0,458.0,437.0,309.0,7.0,762.0,41.0
396,2023-04,서울,5432.0,1578.0,1585.0,253.0,434.0,272.0,57.0,1244.0,9.0
397,2023-04,인천,1141.0,423.0,175.0,94.0,149.0,113.0,8.0,176.0,3.0
398,2023-04,전북,609.0,212.0,119.0,60.0,47.0,32.0,0.0,115.0,24.0
399,2023-04,제주,22.0,9.0,4.0,3.0,3.0,1.0,0.0,2.0,0.0
