,일시,eocs지역명,평균기온(°C),평균최고기온(°C),평균최저기온(°C),평균상대습도(%),최소상대습도(%),월합강수량(00~24h만)(mm),평균풍속(m/s),최대풍속(m/s),합계 일조시간(hr),일조율(%),최심적설(cm),평균지면온도(°C)
0,2020-01,강원,0.7285714285714285,5.821428571428571,-3.3285714285714287,66.85714285714286,18.142857142857142,85.33571428571429,1.5785714285714287,7.5,158.95000000000002,51.848571428571425,0.0642857142857143,0.43571428571428567
1,2020-01,경기,0.6,6.0600000000000005,-3.8600000000000003,72.8,24.0,70.28,1.1800000000000002,7.1,171.82,55.976,0.0,0.5
2,2020-01,광주전남,4.664285714285714,8.678571428571429,1.2142857142857142,69.42857142857143,20.285714285714285,80.12857142857142,2.7857142857142856,11.814285714285715,132.00714285714284,42.16357142857142,0.0,4.578571428571428
3,2020-01,대구경북,2.8466666666666667,7.693333333333333,-1.1266666666666665,66.4,19.4,89.08,2.14,9.693333333333333,144.28,46.69533333333333,0.6666666666666666,2.393333333333333
4,2020-01,대전충청,1.623076923076923,6.823076923076924,-2.5615384615384613,71.0,20.53846153846154,67.8,1.2999999999999998,8.346153846153847,141.57692307692307,45.75692307692308,0.0,2.0384615384615383
5,2020-01,부산경남,4.20625,9.4875,0.062499999999999986,64.0625,15.625,112.33125,1.63125,9.2875,148.8625,48.32375,0.0,3.6625
6,2020-01,서울,1.6,5.9,-1.7,56.0,17.0,60.5,2.1,7.0,177.9,57.93,0.3,1.0
7,2020-01,인천,1.7666666666666666,5.166666666666667,-1.0666666666666667,64.66666666666667,25.333333333333332,50.96666666666667,3.1,10.966666666666667,184.79999999999998,60.27333333333333,0.0,1.2
8,2020-01,전북,2.58,7.390000000000001,-1.34,75.7,23.7,74.0,1.53,10.66,116.19000000000001,37.266000000000005,0.0,3.08
9,2020-01,제주,8.725,11.2,6.375,70.75,38.25,99.325,4.0249999999999995,13.925,94.625,29.8525,0.0,8.1
10,2020-02,강원,1.7214285714285713,7.114285714285714,-3.2357142857142853,64.14285714285714,16.714285714285715,54.207142857142856,1.7214285714285713,8.535714285714286,180.17857142857142,57.64785714285715,0.42857142857142855,2.5785714285714287
11,2020-02,경기,1.7,7.38,-3.22,73.8,23.0,55.58,1.4,7.779999999999999,175.4,55.938,1.2,2.88
12,2020-02,광주전남,5.135714285714286,10.114285714285714,0.5142857142857143,70.0,20.642857142857142,40.778571428571425,2.742857142857143,10.62142857142857,174.0142857142857,54.86571428571428,1.3571428571428572,5.928571428571429
13,2020-02,대구경북,3.586666666666667,9.226666666666667,-1.4666666666666666,63.8,11.266666666666667,68.0,2.24,9.32,187.34666666666666,59.456,7.7,4.3533333333333335
14,2020-02,대전충청,2.476923076923077,8.23076923076923,-2.6769230769230767,69.76923076923077,16.692307692307693,75.7,1.4461538461538461,7.492307692307692,179.14615384615385,56.885384615384616,1.0076923076923077,3.923076923076923
15,2020-02,부산경남,5.33125,11.16875,0.175,61.125,11.0625,60.43125,1.725,8.2,199.63125,63.499375,0.0,5.81875
16,2020-02,서울,2.5,7.2,-1.3,58.0,14.0,53.1,2.3,8.2,185.0,58.99,5.5,3.1
17,2020-02,인천,2.2333333333333334,5.933333333333334,-1.2,70.0,27.0,40.4,3.1666666666666665,10.533333333333333,169.4333333333333,54.05666666666667,2.6,2.6666666666666665
18,2020-02,전북,3.34,9.040000000000001,-1.5899999999999999,73.4,18.8,58.31,1.6800000000000002,7.489999999999999,178.20999999999998,56.355999999999995,1.04,4.57
19,2020-02,제주,9.025,12.4,5.6,71.0,32.0,66.4,3.9,14.125,153.875,48.24,0.45,9.325
20,2020-03,강원,6.521428571428571,12.85,0.1785714285714286,58.07142857142857,11.5,27.978571428571428,1.95,10.114285714285714,241.85,65.10285714285715,0.5,7.878571428571428
21,2020-03,경기,6.9,13.88,0.2,60.8,15.2,17.479999999999997,1.86,9.559999999999999,248.14000000000001,66.80199999999999,0.0,7.74
22,2020-03,광주전남,8.371428571428572,14.042857142857143,2.892857142857143,64.85714285714286,12.857142857142858,40.635714285714286,3.0,11.4,239.07142857142858,64.29285714285714,0.0,10.528571428571428
23,2020-03,대구경북,8.006666666666666,14.493333333333334,1.7133333333333334,60.266666666666666,13.666666666666666,22.633333333333333,2.3666666666666667,10.626666666666667,232.09333333333333,62.44866666666667,0.29333333333333333,10.073333333333332
24,2020-03,대전충청,7.1461538461538465,13.830769230769231,0.5076923076923077,58.76923076923077,12.846153846153847,21.807692307692307,1.7692307692307692,8.607692307692307,239.33846153846156,64.4,0.0,9.007692307692308
25,2020-03,부산경남,9.3125,15.512500000000001,3.38125,58.875,13.25,43.4125,1.9875,9.4,236.4625,63.745000000000005,0.0,10.96875
26,2020-03,서울,7.7,13.3,2.6,46.0,11.0,16.3,2.5,8.2,262.9,70.77,0.0,8.9
27,2020-03,인천,6.533333333333334,10.733333333333334,2.3333333333333335,59.666666666666664,11.0,8.1,3.8000000000000003,13.366666666666665,263.3333333333333,70.88666666666667,0.0,7.933333333333333
28,2020-03,전북,7.2700000000000005,13.819999999999999,1.15,64.9,13.2,35.61,2.06,9.309999999999999,233.15,62.71900000000001,0.0,9.190000000000001
29,2020-03,제주,11.325,14.8,7.75,68.25,18.5,96.425,3.85,11.899999999999999,212.0,56.985,0.0,13.149999999999999
30,2020-04,강원,9.62857142857143,16.021428571428572,3.2142857142857144,53.357142857142854,10.785714285714286,35.90714285714286,2.1928571428571426,9.207142857142857,250.75714285714284,63.332857142857144,0.0,12.728571428571428
31,2020-04,경기,10.32,17.44,3.4,58.4,14.0,19.7,2.1,8.459999999999999,282.62,71.414,0.0,13.52
32,2020-04,광주전남,10.892857142857142,16.742857142857144,5.364285714285714,59.142857142857146,13.928571428571429,65.0,3.057142857142857,10.671428571428573,270.85,69.16357142857143,0.0,14.321428571428571
33,2020-04,대구경북,11.106666666666666,17.826666666666664,4.52,53.8,11.266666666666667,37.406666666666666,2.6866666666666665,9.746666666666666,261.46,66.288,0.0,15.16
34,2020-04,대전충청,10.215384615384616,17.207692307692305,3.269230769230769,53.84615384615385,10.538461538461538,23.146153846153844,2.0846153846153848,8.792307692307691,278.88461538461536,70.69384615384615,0.0,14.107692307692307
35,2020-04,부산경남,11.887500000000001,18.43125,5.675,53.9375,11.1875,64.15,2.1375,8.90625,263.64375,67.628125,0.0,15.21875
36,2020-04,서울,11.1,16.6,6.3,50.0,10.0,16.9,3.0,8.9,283.3,71.59,0.0,15.4
37,2020-04,인천,9.9,13.9,5.933333333333334,60.666666666666664,13.333333333333334,14.933333333333332,3.966666666666667,11.333333333333334,301.7,76.21333333333332,0.0,14.0
38,2020-04,전북,9.760000000000002,16.56,3.3899999999999997,61.3,14.4,36.27,2.2399999999999998,10.03,271.85,69.104,0.0,13.309999999999999
39,2020-04,제주,13.0,16.875,9.425,61.0,17.5,70.9,3.9,10.95,270.025,69.055,0.0,16.0
40,2020-05,강원,16.742857142857144,22.464285714285715,11.728571428571428,70.28571428571429,12.5,119.49285714285715,1.7642857142857142,8.221428571428572,211.27857142857144,47.924285714285716,0.0,20.364285714285717
41,2020-05,경기,17.34,23.439999999999998,12.26,76.2,16.6,116.42,1.46,7.2,192.26,43.638,0.0,20.48
42,2020-05,광주전남,17.45,22.292857142857144,13.185714285714285,77.28571428571429,22.285714285714285,165.42142857142858,2.5928571428571425,9.75,197.83571428571426,45.58142857142857,0.0,20.814285714285713
43,2020-05,대구경북,17.706666666666667,23.613333333333333,12.26,70.06666666666666,19.733333333333334,76.54666666666667,2.06,7.9,234.57999999999998,53.568,0.0,22.48
44,2020-05,대전충청,17.638461538461538,23.49230769230769,12.338461538461539,70.84615384615384,16.76923076923077,91.6846153846154,1.6384615384615384,7.561538461538461,209.80769230769232,47.889230769230764,0.0,21.292307692307695
45,2020-05,부산경남,18.28125,23.90625,13.375,70.875,19.625,84.78125,1.7125,7.16875,219.33125,50.5925,0.0,21.84375
46,2020-05,서울,18.0,23.3,13.7,67.0,11.0,112.4,2.4,7.2,177.9,40.38,0.0,21.4
47,2020-05,인천,15.5,19.666666666666668,12.066666666666668,78.33333333333333,16.666666666666668,149.53333333333333,2.9333333333333336,12.766666666666666,172.29999999999998,39.07666666666667,0.0,18.433333333333334
48,2020-05,전북,17.630000000000003,23.419999999999998,12.55,74.3,18.2,89.25,1.94,8.75,207.01,47.492,0.0,20.9
49,2020-05,제주,18.275,22.2,15.175,82.0,24.0,150.325,3.05,11.325,201.725,46.815,0.0,21.5
50,2020-06,강원,22.42142857142857,27.92142857142857,17.571428571428573,70.92857142857143,22.214285714285715,121.77857142857142,1.6785714285714286,7.542857142857143,224.92142857142858,50.87428571428571,0.0,28.25714285714286
51,2020-06,경기,22.96,28.6,18.2,75.8,28.4,110.25999999999999,1.46,7.5,220.01999999999998,49.816,0.0,28.28
52,2020-06,광주전남,22.22142857142857,26.82857142857143,18.435714285714287,80.85714285714286,24.714285714285715,300.37142857142857,2.1285714285714286,10.135714285714286,196.28571428571428,45.347857142857144,0.0,25.907142857142855
53,2020-06,대구경북,22.766666666666666,28.433333333333334,17.706666666666667,72.13333333333334,24.2,148.54666666666665,1.84,7.286666666666666,229.45333333333335,52.322,0.0,28.313333333333333
54,2020-06,대전충청,22.823076923076922,28.176923076923078,18.36923076923077,74.84615384615384,25.53846153846154,162.84615384615384,1.4769230769230768,6.392307692307692,194.6307692307692,44.48384615384615,0.0,27.253846153846155
55,2020-06,부산경남,23.075,28.7,18.55625,74.0625,22.5,247.85,1.5562500000000001,8.025,220.425,50.66375,0.0,27.3125
56,2020-06,서울,23.9,29.0,19.9,68.0,26.0,139.6,2.3,7.6,206.1,46.62,0.0,28.7
57,2020-06,인천,20.633333333333333,24.8,17.233333333333334,81.33333333333333,30.666666666666668,124.0,2.566666666666667,9.466666666666667,205.9,46.56,0.0,25.53333333333333
58,2020-06,전북,22.54,27.919999999999998,18.3,79.6,27.1,172.77,1.67,7.87,176.59,40.492000000000004,0.0,26.310000000000002
59,2020-06,제주,22.025,25.3,19.425,87.75,41.25,311.175,2.7750000000000004,14.0,159.375,37.035,0.0,25.0
60,2020-07,강원,21.771428571428572,26.057142857142857,18.307142857142857,82.64285714285714,35.5,271.6357142857143,1.4428571428571428,7.2,143.59285714285713,31.987142857142857,0.0,25.150000000000002
61,2020-07,경기,23.22,27.52,19.7,84.0,41.6,292.36,1.3800000000000001,6.58,142.32,31.732,0.0,26.02
62,2020-07,광주전남,22.74285714285714,25.978571428571428,20.435714285714287,89.0,50.92857142857143,395.61428571428576,2.0285714285714285,8.942857142857143,76.85714285714286,17.427142857142858,0.0,25.057142857142857
63,2020-07,대구경북,21.89333333333333,25.646666666666665,18.973333333333336,87.46666666666667,46.06666666666667,405.68666666666667,1.52,7.493333333333334,103.80666666666666,23.296666666666667,0.0,24.92
64,2020-07,대전충청,22.923076923076923,26.792307692307695,19.807692307692307,84.0,44.15384615384615,426.4307692307693,1.3692307692307693,7.007692307692308,96.03846153846153,21.53923076923077,0.0,25.46153846153846
65,2020-07,부산경남,22.65625,26.275,20.10625,87.875,49.625,579.11875,1.28125,6.6,86.725,19.603749999999998,0.0,24.875
66,2020-07,서울,24.1,28.0,21.1,77.0,34.0,270.4,2.4,8.7,119.4,26.62,0.0,25.8
67,2020-07,인천,22.233333333333334,25.633333333333336,19.599999999999998,85.66666666666667,43.666666666666664,247.9,2.466666666666667,10.666666666666666,168.53333333333333,37.54666666666667,0.0,25.166666666666668
68,2020-07,전북,22.830000000000002,26.54,20.119999999999997,87.5,50.9,520.48,1.44,7.75,77.61,17.509999999999998,0.0,25.169999999999998
69,2020-07,제주,23.55,26.325,21.4,89.75,53.5,283.15,3.0250000000000004,11.475000000000001,121.775,27.835,0.0,25.75
70,2020-08,강원,25.057142857142857,29.00714285714286,22.2,85.42857142857143,44.0,508.10714285714283,1.407142857142857,7.7,114.04285714285713,27.09,0.0,27.014285714285712
71,2020-08,경기,25.78,29.560000000000002,23.14,91.2,52.6,668.1,1.48,9.059999999999999,99.02000000000001,23.536,0.0,27.4
72,2020-08,광주전남,27.214285714285715,30.964285714285715,24.414285714285715,85.57142857142857,49.5,279.70714285714286,2.557142857142857,13.37142857142857,175.70000000000002,42.36642857142857,0.0,30.021428571428572
73,2020-08,대구경북,26.453333333333333,31.033333333333335,23.053333333333335,84.0,42.666666666666664,277.06,1.6266666666666665,6.766666666666667,164.56,39.28933333333334,0.0,29.740000000000002
74,2020-08,대전충청,26.361538461538462,30.5,23.36923076923077,85.23076923076923,45.76923076923077,443.2307692307692,1.5307692307692307,7.93076923076923,130.37692307692308,31.10923076923077,0.0,28.523076923076925
75,2020-08,부산경남,27.3125,31.65625,24.19375,84.3125,40.75,343.4125,1.73125,7.5375,181.88125,43.775625,0.0,29.85625
76,2020-08,서울,26.5,29.3,24.4,85.0,49.0,675.7,2.3,8.3,74.7,17.76,0.0,27.0
77,2020-08,인천,25.0,27.400000000000002,23.166666666666668,91.0,58.333333333333336,422.8999999999999,2.966666666666667,12.866666666666667,88.66666666666667,21.073333333333334,0.0,26.53333333333333
78,2020-08,전북,26.910000000000004,31.21,23.82,83.7,46.9,550.51,1.9,9.66,153.69,37.63,0.0,29.169999999999998
79,2020-08,제주,28.099999999999998,30.95,25.85,85.25,52.5,171.375,3.475,14.5,220.65,53.29,0.0,30.799999999999997
80,2020-09,강원,18.678571428571427,23.457142857142856,14.864285714285714,80.28571428571429,29.428571428571427,304.64285714285717,1.7714285714285716,9.728571428571428,151.6142857142857,40.692142857142855,0.0,21.164285714285715
81,2020-09,경기,19.94,25.3,15.86,81.6,30.6,164.16,1.46,8.28,181.54000000000002,48.730000000000004,0.0,22.48
82,2020-09,광주전남,21.264285714285712,25.642857142857142,17.757142857142856,81.71428571428571,34.642857142857146,221.00714285714284,2.107142857142857,13.485714285714286,163.15,43.89142857142857,0.0,23.99285714285714
83,2020-09,대구경북,19.69333333333333,24.686666666666667,15.726666666666667,80.86666666666666,32.2,174.59333333333333,1.9533333333333334,12.353333333333333,147.62666666666667,39.662,0.0,22.39333333333333
84,2020-09,대전충청,20.023076923076925,25.115384615384617,15.961538461538462,79.46153846153847,31.384615384615383,184.94615384615383,1.4846153846153847,8.8,167.65384615384616,45.14076923076924,0.0,22.53076923076923
85,2020-09,부산경남,20.925,25.65625,17.2,80.0625,32.0625,280.39375,1.6875,12.1625,146.9625,39.68625,0.0,23.06875
86,2020-09,서울,21.4,25.6,18.0,71.0,27.0,181.5,2.5,9.8,174.3,46.77,0.0,22.4
87,2020-09,인천,20.633333333333333,24.133333333333336,17.633333333333333,77.0,30.333333333333332,205.4,2.8333333333333335,11.666666666666666,208.4333333333333,55.94333333333333,0.0,22.333333333333332
88,2020-09,전북,20.27,25.39,16.4,82.2,33.1,201.82,1.6800000000000002,11.46,156.07,41.969,0.0,22.630000000000003
89,2020-09,제주,22.475,25.450000000000003,19.9,79.75,32.5,356.875,3.225,24.65,159.8,43.045,0.0,23.825000000000003
90,2020-10,강원,11.87142857142857,18.464285714285715,6.471428571428571,70.5,16.571428571428573,3.2785714285714285,1.3,6.542857142857143,208.84285714285716,60.074285714285715,0.0,14.771428571428572
91,2020-10,경기,12.4,19.619999999999997,6.279999999999999,72.4,19.8,7.9799999999999995,1.1,5.8,224.48000000000002,64.534,0.0,14.8
92,2020-10,광주전남,15.549999999999999,21.142857142857142,10.885714285714286,67.07142857142857,19.857142857142858,22.02857142857143,2.2642857142857142,8.47857142857143,226.85714285714286,64.73785714285715,0.0,17.864285714285714
93,2020-10,대구경북,13.626666666666667,20.066666666666666,8.273333333333333,69.53333333333333,22.4,9.706666666666667,1.7866666666666666,7.733333333333333,206.07999999999998,59.065333333333335,0.0,16.586666666666666
94,2020-10,대전충청,12.830769230769231,19.638461538461538,7.015384615384615,71.15384615384616,19.307692307692307,9.399999999999999,1.1923076923076923,6.161538461538461,212.93846153846152,61.21923076923077,0.0,15.553846153846155
95,2020-10,부산경남,15.24375,21.69375,10.25625,67.0625,17.5,21.91875,1.45625,6.61875,220.60625,63.025,0.0,17.8
96,2020-10,서울,14.3,19.5,9.6,61.0,20.0,0.0,2.1,7.2,227.1,65.3,0.0,14.4
97,2020-10,인천,14.366666666666667,18.333333333333332,10.233333333333333,64.0,19.333333333333332,9.266666666666667,2.6999999999999997,9.799999999999999,234.29999999999998,67.39,0.0,15.5
98,2020-10,전북,13.7,20.22,8.15,72.0,18.2,7.67,1.42,6.95,217.04000000000002,62.258,0.0,16.369999999999997
99,2020-10,제주,18.15,21.3,15.35,65.0,29.0,40.5,3.4,11.25,215.025,62.197500000000005,0.0,20.025
100,2020-11,강원,6.985714285714286,12.728571428571428,1.8714285714285714,61.785714285714285,9.214285714285714,38.707142857142856,1.6357142857142857,8.371428571428572,180.70714285714286,59.294285714285714,0.0,7.871428571428572
101,2020-11,경기,6.640000000000001,12.76,1.1800000000000002,70.6,13.4,58.5,1.3199999999999998,7.4799999999999995,172.78,56.624,0.0,7.359999999999999
102,2020-11,광주전남,10.828571428571427,15.721428571428572,6.285714285714286,66.21428571428571,19.5,19.05,2.7357142857142853,10.15,167.02857142857144,53.86714285714286,0.0,11.37142857142857
103,2020-11,대구경북,8.446666666666667,14.386666666666667,3.1266666666666665,62.86666666666667,14.066666666666666,38.04,2.013333333333333,8.96,174.9,56.99,0.0,9.153333333333334
104,2020-11,대전충청,7.546153846153846,13.453846153846154,2.3076923076923075,69.15384615384616,14.153846153846153,40.79230769230769,1.3384615384615384,7.369230769230769,168.83846153846156,55.25615384615385,0.0,8.423076923076923
105,2020-11,부산경남,10.09375,16.19375,4.8625,63.0625,14.6875,45.08125,1.5875,8.56875,183.5625,59.37,0.0,10.5125
106,2020-11,서울,8.0,12.6,4.0,64.0,18.0,120.1,2.2,8.4,171.5,56.17,0.0,8.1
107,2020-11,인천,8.200000000000001,11.966666666666667,4.566666666666666,66.66666666666667,20.666666666666668,54.699999999999996,3.1666666666666665,12.0,167.4333333333333,54.92666666666667,0.0,7.833333333333333
108,2020-11,전북,8.559999999999999,14.309999999999999,3.55,70.9,21.1,57.25,1.6400000000000001,8.34,164.66,53.245000000000005,0.0,9.209999999999999
109,2020-11,제주,14.2,17.4,11.075,68.75,30.75,18.55,3.55,10.875,157.9,50.3425,0.0,13.95
110,2020-12,강원,-1.542857142857143,3.957142857142857,-6.378571428571428,55.57142857142857,13.928571428571429,4.05,1.6500000000000001,7.035714285714286,194.10714285714286,65.11214285714286,0.4714285714285715,-0.6428571428571429
111,2020-12,경기,-1.7600000000000002,3.88,-6.68,64.6,21.2,4.159999999999999,1.28,6.26,197.22,66.08,0.48,-0.5
112,2020-12,광주전남,2.985714285714286,8.242857142857144,-1.542857142857143,64.71428571428571,15.357142857142858,15.85,2.5714285714285716,10.514285714285714,178.06428571428572,58.154999999999994,2.457142857142857,3.557142857142857
113,2020-12,대구경북,0.39333333333333337,6.2733333333333325,-4.62,54.333333333333336,13.733333333333333,9.246666666666666,2.3,9.073333333333332,192.62,64.01933333333334,3.2933333333333334,0.7200000000000001
114,2020-12,대전충청,-0.6538461538461539,5.0,-5.392307692307692,66.15384615384616,17.615384615384617,6.546153846153846,1.3615384615384616,6.576923076923077,175.03076923076924,58.37307692307692,0.8538461538461538,0.5692307692307692
115,2020-12,부산경남,2.26875,8.375,-2.5875,55.6875,8.375,7.7437499999999995,1.7625,7.71875,201.46875,66.0825,0.0,2.30625
116,2020-12,서울,-0.3,3.9,-4.2,58.0,24.0,4.6,2.2,6.5,203.6,68.16,3.2,-0.4
117,2020-12,인천,0.4666666666666666,4.033333333333334,-3.0,60.666666666666664,23.666666666666668,7.633333333333333,3.3333333333333335,10.933333333333332,175.9333333333333,58.98,2.5,0.5
118,2020-12,전북,0.64,6.18,-3.8899999999999997,69.7,19.3,18.3,1.54,7.87,156.33999999999997,51.408,0.52,1.7
119,2020-12,제주,7.625,10.775,4.65,64.5,26.0,41.05,3.8,13.6,147.025,47.375,1.525,7.324999999999999
120,2021-01,강원,-3.435714285714286,2.164285714285714,-8.842857142857143,57.642857142857146,14.857142857142858,10.221428571428572,1.7785714285714285,9.171428571428573,180.64285714285714,58.824285714285715,0.35000000000000003,-2.3857142857142857
121,2021-01,경기,-3.6799999999999997,2.2199999999999998,-9.4,65.2,19.6,18.46,1.44,9.1,187.56,60.99400000000001,1.8800000000000001,-2.06
122,2021-01,광주전남,1.8714285714285714,6.928571428571429,-2.6999999999999997,70.85714285714286,21.5,32.778571428571425,2.6214285714285714,10.607142857142858,168.95714285714286,53.91428571428571,3.0500000000000003,2.792857142857143
123,2021-01,대구경북,-1.0533333333333335,4.72,-6.306666666666667,57.13333333333333,14.333333333333334,18.52,2.3800000000000003,10.139999999999999,183.57333333333332,59.16733333333333,4.84,-0.48666666666666664
124,2021-01,대전충청,-2.176923076923077,3.476923076923077,-7.638461538461538,67.38461538461539,17.846153846153847,22.107692307692307,1.4846153846153847,7.846153846153846,174.5153846153846,56.59307692307693,1.8461538461538463,-0.1769230769230769
125,2021-01,부산경남,1.3812499999999999,7.1625,-3.8,58.625,13.8125,18.36875,1.84375,8.75,188.0875,60.216875,0.0,1.55625
126,2021-01,서울,-2.4,2.2,-6.8,58.0,19.0,18.9,2.5,8.7,176.4,59.25,5.1,-2.0
127,2021-01,인천,-2.1,1.7666666666666666,-6.033333333333334,62.0,14.0,33.13333333333333,3.3333333333333335,13.700000000000001,161.4,52.546666666666674,18.2,-1.0999999999999999
128,2021-01,전북,-0.64,4.71,-5.76,73.4,21.8,34.489999999999995,1.6800000000000002,9.120000000000001,154.27,49.400999999999996,1.19,1.48
129,2021-01,제주,6.7,9.825,3.45,68.0,34.75,84.225,4.575,13.174999999999999,135.9,42.81,3.3,5.775
130,2021-02,강원,1.7571428571428573,7.821428571428571,-4.042857142857143,53.92857142857143,8.928571428571429,4.964285714285714,2.0571428571428574,8.457142857142857,197.19285714285712,65.12571428571428,0.6357142857142858,2.242857142857143
131,2021-02,경기,1.6199999999999999,8.120000000000001,-4.46,60.6,12.6,9.12,1.78,7.6,193.24,63.775999999999996,1.48,2.32
132,2021-02,광주전남,5.242857142857143,10.664285714285715,0.41428571428571426,63.785714285714285,15.0,32.91428571428572,3.064285714285714,11.592857142857143,171.37857142857143,56.04571428571428,0.8071428571428572,5.621428571428572
133,2021-02,대구경북,3.466666666666667,9.893333333333334,-2.4066666666666667,54.0,14.0,16.85333333333333,2.6333333333333333,10.020000000000001,197.7,64.94933333333333,1.7066666666666666,3.8333333333333335
134,2021-02,대전충청,2.661538461538462,8.738461538461538,-3.146153846153846,59.76923076923077,10.307692307692308,13.600000000000001,1.9,7.907692307692307,193.3153846153846,64.06769230769231,1.1307692307692307,3.3538461538461535
135,2021-02,부산경남,5.44375,11.71875,-0.16874999999999993,54.5625,9.75,37.91875,2.1,8.975,191.18125,62.4925,0.0,5.6312500000000005
136,2021-02,서울,2.7,7.9,-2.2,56.0,18.0,7.1,2.6,7.5,181.0,59.74,4.3,2.3
137,2021-02,인천,1.8333333333333333,6.2,-2.3666666666666667,62.333333333333336,13.333333333333334,7.666666666666667,3.6333333333333333,11.866666666666665,186.66666666666666,61.653333333333336,2.033333333333333,2.2666666666666666
138,2021-02,전북,3.45,9.42,-1.92,65.2,15.2,28.03,2.02,8.93,176.10999999999999,57.824,0.18,3.96
139,2021-02,제주,9.3,13.0,6.025,66.25,23.5,54.650000000000006,4.475,13.350000000000001,160.65,52.1375,0.875,9.35
140,2021-03,강원,7.292857142857143,13.450000000000001,1.7142857142857142,64.21428571428571,10.857142857142858,101.2,1.7285714285714284,8.192857142857143,205.15714285714284,55.26571428571429,3.371428571428571,7.885714285714286
141,2021-03,경기,7.9,14.88,1.8399999999999999,69.0,16.2,106.24000000000001,1.54,7.26,220.94,59.51800000000001,0.06,9.26
142,2021-03,광주전남,9.828571428571427,15.428571428571429,4.807142857142857,71.5,17.071428571428573,136.52857142857144,2.5714285714285716,10.478571428571428,218.27142857142857,58.74357142857143,0.0,11.292857142857143
143,2021-03,대구경북,8.633333333333333,14.56,2.9,65.6,12.933333333333334,97.18,2.1733333333333333,9.246666666666666,194.0,52.45733333333333,0.6933333333333334,10.053333333333335
144,2021-03,대전충청,8.2,14.776923076923076,2.1846153846153844,66.92307692307692,10.153846153846153,90.56923076923077,1.5538461538461539,7.238461538461538,203.45384615384617,54.926923076923075,0.015384615384615385,9.76923076923077
145,2021-03,부산경남,10.3375,16.381249999999998,4.85625,65.8125,13.5,146.675,1.85,8.35625,211.49375,56.93625,0.0,11.6625
146,2021-03,서울,9.0,14.8,4.3,63.0,19.0,110.9,2.4,6.9,213.0,57.37,2.3,9.7
147,2021-03,인천,6.8999999999999995,11.433333333333332,3.033333333333333,70.66666666666667,14.666666666666666,87.93333333333334,2.9,10.166666666666666,215.20000000000002,57.97,0.13333333333333333,8.133333333333333
148,2021-03,전북,8.540000000000001,15.190000000000001,2.84,72.0,16.0,95.77000000000001,1.7600000000000002,8.690000000000001,201.65,54.282000000000004,0.0,10.08
149,2021-03,제주,12.525,16.175,9.0,70.25,17.75,140.825,3.625,12.425,192.15,51.682500000000005,0.0,13.7
150,2021-04,강원,11.921428571428573,18.014285714285712,5.95,58.214285714285715,12.428571428571429,102.7,1.8571428571428572,8.071428571428571,221.56428571428572,55.996428571428574,0.0,14.607142857142858
151,2021-04,경기,13.16,19.78,6.88,60.6,16.2,100.52000000000001,1.7399999999999998,7.340000000000001,222.9,56.367999999999995,0.0,15.280000000000001
152,2021-04,광주전남,13.792857142857143,19.32857142857143,8.557142857142857,61.57142857142857,15.285714285714286,64.4,2.757142857142857,10.364285714285714,233.17857142857142,59.44214285714286,0.0,16.62142857142857
153,2021-04,대구경북,12.68,18.946666666666665,6.5600000000000005,58.8,15.133333333333333,79.09333333333333,2.386666666666667,8.62,225.70666666666665,57.26533333333334,0.0,16.16
154,2021-04,대전충청,13.238461538461538,19.623076923076923,6.946153846153846,56.53846153846154,13.23076923076923,59.74615384615385,1.830769230769231,9.207692307692309,217.34615384615384,55.27846153846154,0.0,15.830769230769231
155,2021-04,부산경남,14.1125,20.575,8.15625,57.3125,13.1875,80.24375,1.94375,8.4125,237.6375,60.486875,0.0,17.26875
156,2021-04,서울,14.2,19.5,9.5,54.0,18.0,124.1,2.6,7.1,208.6,52.74,0.0,15.7
157,2021-04,인천,12.166666666666666,16.566666666666666,8.200000000000001,62.0,12.333333333333334,97.23333333333333,3.1666666666666665,10.033333333333333,227.4333333333333,57.48333333333333,0.0,14.033333333333333
158,2021-04,전북,13.26,19.759999999999998,7.220000000000001,59.7,15.0,38.96,2.0300000000000002,9.690000000000001,225.0,57.221000000000004,0.0,15.65
159,2021-04,제주,15.35,19.225,11.975,65.75,15.25,109.175,3.7,12.825,230.2,58.927499999999995,0.0,18.725
160,2021-05,강원,15.5,21.142857142857142,10.242857142857144,69.07142857142857,15.928571428571429,159.42857142857142,1.707142857142857,8.607142857142858,201.81428571428572,45.87357142857143,0.0,18.357142857142858
161,2021-05,경기,16.06,21.98,10.76,76.4,22.2,192.9,1.54,7.42,199.92000000000002,45.402,0.0,18.7
162,2021-05,광주전남,17.52857142857143,22.707142857142856,12.62142857142857,71.78571428571429,20.285714285714285,119.43571428571428,2.507142857142857,9.65,215.85,49.85857142857143,0.0,20.57857142857143
163,2021-05,대구경북,16.306666666666665,22.1,10.893333333333334,70.06666666666666,17.266666666666666,129.97333333333333,2.02,8.72,198.50666666666666,45.354,0.0,19.573333333333334
164,2021-05,대전충청,16.361538461538462,22.115384615384617,10.992307692307692,72.0,19.153846153846153,145.26153846153846,1.6307692307692307,7.761538461538462,191.80769230769232,43.91538461538461,0.0,19.007692307692306
165,2021-05,부산경남,17.7625,23.3,12.65,69.0625,15.3125,133.45625,1.84375,8.8,204.28125,47.148125,0.0,20.75625
166,2021-05,서울,17.1,21.9,12.8,68.0,25.0,183.1,2.4,8.4,203.7,46.25,0.0,18.8
167,2021-05,인천,15.466666666666667,19.766666666666666,11.466666666666667,73.66666666666667,20.333333333333332,166.5666666666667,3.033333333333333,10.633333333333333,229.33333333333334,52.04666666666666,0.0,18.5
168,2021-05,전북,16.830000000000002,22.669999999999998,11.190000000000001,71.3,20.9,109.72,2.05,8.379999999999999,199.7,46.317,0.0,19.259999999999998
169,2021-05,제주,18.575,22.625,15.15,76.5,18.5,136.54999999999998,3.4,11.45,234.45,54.4225,0.0,21.575
170,2021-06,강원,20.571428571428573,25.728571428571428,16.3,77.21428571428571,25.571428571428573,78.69285714285715,1.4214285714285713,6.8999999999999995,184.28571428571428,41.683571428571426,0.0,24.435714285714287
171,2021-06,경기,21.84,27.380000000000003,17.32,80.4,36.0,64.86,1.26,6.26,199.34,45.144,0.0,25.54
172,2021-06,광주전남,22.323076923076922,26.93846153846154,18.515384615384615,78.84615384615384,32.15384615384615,112.92307692307692,2.0692307692307694,8.776923076923076,213.76923076923077,49.38307692307693,0.0,26.146153846153844
173,2021-06,대구경북,21.293333333333333,26.353333333333335,16.9,76.26666666666667,27.4,57.626666666666665,1.66,6.433333333333334,186.06666666666666,42.43266666666667,0.0,25.71333333333333
174,2021-06,대전충청,22.092307692307692,27.384615384615383,17.56923076923077,75.53846153846153,27.076923076923077,77.64615384615385,1.3923076923076925,6.292307692307692,199.87692307692308,45.559230769230766,0.0,25.653846153846153
175,2021-06,부산경남,22.2375,27.25,18.10625,77.0,28.125,125.10625,1.425,5.79375,192.8375,44.413125,0.0,25.74375
176,2021-06,서울,22.8,27.6,18.9,73.0,36.0,104.6,2.2,7.8,185.5,41.96,0.0,25.2
177,2021-06,인천,20.333333333333332,24.433333333333334,17.099999999999998,81.33333333333333,28.666666666666668,95.06666666666666,2.3666666666666667,9.5,194.73333333333335,44.04333333333333,0.0,24.3
178,2021-06,전북,22.16,27.589999999999996,17.73,76.4,26.5,123.08,1.59,7.44,201.62,46.237,0.0,25.610000000000003
179,2021-06,제주,22.75,26.075000000000003,20.225,86.25,33.25,172.075,2.6750000000000003,8.2,197.75,45.955,0.0,26.425
180,2021-07,강원,25.307142857142857,30.592857142857145,21.17142857142857,80.5,38.785714285714285,144.65714285714287,1.207142857142857,5.571428571428571,236.14285714285714,52.58642857142858,0.0,30.685714285714287
181,2021-07,경기,26.619999999999997,31.82,22.46,81.4,38.2,118.04,1.1800000000000002,6.180000000000001,233.58,52.062,0.0,30.860000000000003
182,2021-07,광주전남,26.307142857142857,30.307142857142857,23.057142857142857,82.85714285714286,49.142857142857146,392.34285714285716,2.2,9.121428571428572,192.97142857142856,43.74142857142857,0.0,29.75
183,2021-07,대구경북,25.39333333333333,30.42,21.413333333333334,80.73333333333333,40.333333333333336,188.50666666666666,1.5,6.5600000000000005,212.20666666666665,47.61533333333333,0.0,30.89333333333333
184,2021-07,대전충청,26.415384615384614,31.43846153846154,22.323076923076922,78.46153846153847,37.76923076923077,181.45384615384617,1.3461538461538463,6.93076923076923,220.57692307692307,49.74307692307692,0.0,30.45384615384615
185,2021-07,부산경남,26.3,30.95,22.75625,81.5,44.25,358.45625,1.5125,7.20625,194.08125,44.11,0.0,29.825
186,2021-07,서울,28.1,32.2,24.6,71.0,37.0,168.3,2.0,7.4,195.2,43.51,0.0,29.7
187,2021-07,인천,25.766666666666666,29.46666666666667,22.7,77.66666666666667,33.666666666666664,69.26666666666667,2.1666666666666665,7.866666666666667,243.93333333333337,54.34,0.0,30.933333333333334
188,2021-07,전북,26.22,31.15,22.28,80.0,39.9,224.89000000000001,1.46,7.2700000000000005,196.0,44.214,0.0,29.53
189,2021-07,제주,26.925,29.675,24.8,88.25,57.0,201.65,3.3,9.625,168.775,38.5625,0.0,29.075
190,2021-08,강원,23.45,27.87857142857143,20.207142857142856,82.21428571428571,40.357142857142854,247.79999999999998,1.3285714285714287,6.7,122.09285714285714,29.020000000000003,0.0,26.407142857142855
191,2021-08,경기,24.66,29.4,21.04,83.0,43.2,168.82,1.22,6.92,145.78,34.622,0.0,27.880000000000003
192,2021-08,광주전남,25.97142857142857,30.17142857142857,22.792857142857144,84.42857142857143,45.42857142857143,280.39285714285717,1.8785714285714286,9.121428571428572,177.17142857142858,42.62642857142857,0.0,28.764285714285712
193,2021-08,대구경북,24.166666666666668,28.59333333333333,20.98,84.66666666666667,41.266666666666666,292.5866666666667,1.4666666666666666,7.1866666666666665,123.65333333333334,29.494000000000003,0.0,27.433333333333334
194,2021-08,대전충청,24.715384615384615,29.184615384615384,21.307692307692307,81.61538461538461,42.0,249.05384615384614,1.2615384615384615,7.023076923076923,140.12307692307692,33.61538461538461,0.0,28.076923076923077
195,2021-08,부산경남,25.85,30.5,22.59375,82.4375,41.1875,367.14375,1.4437499999999999,8.26875,155.175,37.191874999999996,0.0,28.69375
196,2021-08,서울,25.9,29.7,22.8,74.0,39.0,211.2,2.1,8.3,127.3,30.24,0.0,28.2
197,2021-08,인천,24.53333333333333,28.0,21.766666666666666,80.0,39.666666666666664,256.0,2.266666666666667,8.266666666666667,171.13333333333333,40.61333333333334,0.0,27.766666666666666
198,2021-08,전북,25.09,29.97,21.630000000000003,82.9,42.8,346.12,1.41,7.81,158.17000000000002,37.977,0.0,28.189999999999998
199,2021-08,제주,26.65,29.45,24.45,88.0,54.0,290.175,2.9,13.450000000000001,186.4,44.975,0.0,28.55
200,2021-09,강원,19.900000000000002,24.785714285714285,15.978571428571428,80.64285714285714,36.785714285714285,135.3,1.3499999999999999,6.05,163.75,44.010714285714286,0.0,22.664285714285715
201,2021-09,경기,21.220000000000002,26.6,16.880000000000003,80.4,41.4,145.84,1.34,5.82,182.42000000000002,48.910000000000004,0.0,23.28
202,2021-09,광주전남,22.65,26.571428571428573,19.478571428571428,81.92857142857143,44.92857142857143,117.29285714285713,2.2857142857142856,8.864285714285714,125.51428571428572,34.115,0.0,24.150000000000002
203,2021-09,대구경북,20.56,25.09333333333333,16.926666666666666,82.93333333333334,39.666666666666664,152.69333333333333,1.6866666666666668,6.526666666666666,131.71333333333334,35.354,0.0,23.246666666666666
204,2021-09,대전충청,21.346153846153847,26.138461538461538,17.323076923076922,79.46153846153847,38.38461538461539,198.12307692307692,1.5153846153846153,6.346153846153846,162.87692307692308,43.839999999999996,0.0,23.676923076923078
205,2021-09,부산경남,22.125,26.4625,18.85625,81.0625,40.25,127.5625,1.46875,6.69375,109.275,29.49875,0.0,23.85625
206,2021-09,서울,22.6,26.9,18.8,71.0,38.0,131.0,2.3,7.1,182.0,48.82,0.0,24.6
207,2021-09,인천,21.8,25.433333333333337,18.633333333333336,73.66666666666667,35.0,142.0,2.6666666666666665,9.466666666666667,203.53333333333333,54.580000000000005,0.0,23.366666666666664
208,2021-09,전북,21.89,26.55,18.06,79.3,37.3,134.0,1.64,7.7,142.57,38.315999999999995,0.0,24.14
209,2021-09,제주,24.475,27.325,22.125,84.25,49.5,491.3,3.45,13.1,154.55,41.6025,0.0,25.725
210,2021-10,강원,13.578571428571427,19.414285714285715,9.1,77.71428571428571,22.071428571428573,91.05,1.207142857142857,6.135714285714286,157.35714285714286,45.21928571428572,0.0,15.085714285714285
211,2021-10,경기,14.14,20.32,9.22,79.2,23.2,53.160000000000004,1.08,5.54,176.54000000000002,50.716,0.0,15.959999999999999
212,2021-10,광주전남,16.978571428571428,22.521428571428572,12.464285714285714,74.78571428571429,23.0,29.728571428571428,2.0214285714285714,9.357142857142858,214.05714285714288,61.042857142857144,0.0,18.52857142857143
213,2021-10,대구경북,14.726666666666667,20.993333333333336,10.066666666666666,78.46666666666667,23.733333333333334,87.38666666666667,1.54,7.633333333333334,174.26666666666668,49.91133333333333,0.0,16.906666666666666
214,2021-10,대전충청,14.5,20.892307692307693,9.538461538461538,78.23076923076923,24.53846153846154,40.07692307692308,1.123076923076923,6.053846153846154,190.53076923076924,54.74230769230769,0.0,16.992307692307694
215,2021-10,부산경남,16.6125,22.93125,11.8375,74.5,21.375,37.94375,1.3125,5.73125,203.79375,58.719375,0.0,18.3875
216,2021-10,서울,15.6,20.5,11.6,70.0,25.0,57.0,2.1,10.6,168.4,48.38,0.0,16.7
217,2021-10,인천,15.5,19.3,11.933333333333332,67.0,17.0,47.26666666666667,2.766666666666667,11.133333333333333,192.9333333333333,55.449999999999996,0.0,16.166666666666668
218,2021-10,전북,15.180000000000001,21.669999999999998,10.03,76.3,22.5,43.35,1.3599999999999999,6.68,210.32,60.1,0.0,17.490000000000002
219,2021-10,제주,20.0,23.475,17.0,72.0,35.75,46.625,3.1750000000000003,9.9,222.875,63.302499999999995,0.0,21.125
220,2021-11,강원,6.914285714285714,12.885714285714286,1.9857142857142858,65.21428571428571,16.642857142857142,37.19285714285714,1.7,8.414285714285715,171.94285714285712,56.550000000000004,0.0,6.335714285714286
221,2021-11,경기,6.7,13.180000000000001,1.44,75.4,25.0,64.76,1.2200000000000002,7.76,162.35999999999999,53.181999999999995,0.0,6.9
222,2021-11,광주전남,10.299999999999999,16.1,5.521428571428571,72.35714285714286,25.142857142857142,58.66428571428571,2.2,10.192857142857141,182.97857142857143,58.81642857142857,0.0,10.178571428571429
223,2021-11,대구경북,8.233333333333333,14.76,3.0533333333333332,67.33333333333333,19.933333333333334,40.04,1.9866666666666668,9.006666666666666,185.61333333333332,60.318666666666665,0.0,8.32
224,2021-11,대전충청,7.615384615384615,13.984615384615385,2.5,75.92307692307692,23.76923076923077,67.93846153846154,1.276923076923077,7.3076923076923075,165.25384615384615,54.283846153846156,0.03076923076923077,8.438461538461539
225,2021-11,부산경남,9.73125,16.50625,4.44375,66.25,17.8125,56.24375,1.525,7.73125,191.6,62.625625,0.0,9.60625
226,2021-11,서울,8.2,13.1,4.0,68.0,27.0,62.4,2.1,9.3,163.6,53.57,0.0,7.9
227,2021-11,인천,8.700000000000001,12.9,4.833333333333333,67.0,22.333333333333332,57.26666666666667,3.1,13.033333333333333,155.73333333333332,51.04333333333333,0.0,8.066666666666666
228,2021-11,전북,8.29,14.61,3.4,77.4,25.0,84.78,1.49,8.959999999999999,156.17000000000002,50.466,0.0,9.190000000000001
229,2021-11,제주,13.8,17.775,10.475,65.75,31.5,58.65,4.175,14.175,183.825,58.595,0.0,13.275
230,2021-12,강원,0.042857142857142795,5.25,-4.878571428571428,60.714285714285715,17.142857142857142,16.72142857142857,1.8142857142857143,8.285714285714286,179.43571428571428,60.278571428571425,2.978571428571428,-0.06428571428571424
231,2021-12,경기,-0.5599999999999999,5.04,-5.5200000000000005,67.6,22.2,7.960000000000001,1.3800000000000001,7.6,177.7,59.538,0.6799999999999999,0.07999999999999999
232,2021-12,광주전남,4.3,9.62857142857143,-0.2928571428571428,68.21428571428571,20.071428571428573,6.1499999999999995,2.742857142857143,10.814285714285715,170.14285714285714,55.56071428571429,2.314285714285714,4.321428571428571
233,2021-12,대구경북,2.066666666666667,8.013333333333334,-3.1133333333333337,59.0,16.866666666666667,12.606666666666667,2.453333333333333,10.593333333333334,188.41333333333333,62.457333333333324,3.853333333333333,1.8133333333333332
234,2021-12,대전충청,0.9230769230769231,6.561538461538461,-4.030769230769231,69.3076923076923,21.384615384615383,8.315384615384614,1.5076923076923079,7.292307692307692,165.5153846153846,55.06384615384616,0.7307692307692307,1.676923076923077
235,2021-12,부산경남,3.74375,9.85,-1.55,57.5,13.5625,2.675,1.875,8.59375,203.075,66.60187499999999,0.0,3.31875
236,2021-12,서울,0.6,5.1,-3.5,62.0,26.0,7.9,2.3,8.1,185.4,62.07,4.6,0.8
237,2021-12,인천,1.5666666666666667,5.566666666666666,-2.3,61.666666666666664,19.333333333333332,9.0,3.5,12.666666666666666,163.20000000000002,54.71,2.9,1.2
238,2021-12,전북,2.19,7.779999999999999,-2.56,71.5,20.5,12.919999999999998,1.7100000000000002,7.970000000000001,149.36,49.293,0.24,3.1
239,2021-12,제주,8.8,12.25,5.875,65.5,28.25,23.625,4.55,15.275,147.025,47.375,1.35,7.8500000000000005
240,2022-01,강원,-2.9285714285714284,2.9071428571428575,-8.421428571428573,57.92857142857143,15.571428571428571,3.3000000000000003,1.3928571428571428,6.607142857142857,202.59285714285716,66.0,0.9714285714285714,-2.585714285714286
241,2022-01,경기,-3.3600000000000003,2.8,-9.26,61.8,21.0,5.38,1.2,6.04,206.35999999999999,67.142,0.4,-2.44
242,2022-01,광주전남,1.8499999999999999,6.771428571428571,-2.292857142857143,60.142857142857146,18.642857142857142,2.2714285714285714,2.7357142857142853,9.37142857142857,192.64285714285714,61.598571428571425,0.3857142857142857,2.4285714285714284
243,2022-01,대구경북,-0.39333333333333337,5.653333333333333,-5.739999999999999,51.733333333333334,14.466666666666667,5.626666666666666,2.146666666666667,8.913333333333332,207.07333333333332,66.77666666666667,3.52,-0.12666666666666673
244,2022-01,대전충청,-2.0153846153846153,3.8923076923076922,-7.607692307692308,61.23076923076923,17.307692307692307,3.730769230769231,1.323076923076923,6.515384615384615,206.23076923076923,66.57153846153845,0.4384615384615384,-0.6923076923076923
245,2022-01,부산경남,1.6125,7.99375,-3.6125,47.0625,8.5,0.08125,1.64375,7.7625,212.86875,68.034375,0.0,1.89375
246,2022-01,서울,-2.2,2.6,-6.2,55.0,21.0,5.5,2.2,7.6,206.9,67.35,3.5,-1.6
247,2022-01,인천,-1.7666666666666668,2.1,-5.466666666666666,57.0,22.333333333333332,8.6,3.1999999999999997,10.166666666666666,197.83333333333334,64.43666666666667,3.6999999999999997,-1.1666666666666667
248,2022-01,전북,-0.7899999999999999,4.75,-5.71,64.9,21.8,2.9899999999999998,1.45,7.35,181.51,58.148,0.04,0.75
249,2022-01,제주,6.325,9.25,3.95,68.25,28.75,31.8,4.025,12.075,139.125,43.845,0.1,5.9
250,2022-02,강원,-1.8928571428571428,4.021428571428571,-7.514285714285714,48.42857142857143,11.428571428571429,5.45,2.0214285714285714,7.685714285714285,216.96428571428572,71.70857142857143,0.09999999999999999,-0.6071428571428571
251,2022-02,경기,-1.98,4.38,-7.9799999999999995,57.2,15.8,5.14,1.7600000000000002,7.4799999999999995,211.88000000000002,69.99,0.9199999999999999,-0.7
252,2022-02,광주전남,1.9857142857142858,7.0928571428571425,-2.6571428571428575,56.42857142857143,16.428571428571427,1.6142857142857143,3.1714285714285713,9.707142857142857,198.35,65.12642857142858,0.5571428571428572,3.7214285714285715
253,2022-02,대구경북,0.22,6.180000000000001,-5.166666666666667,46.733333333333334,13.333333333333334,5.986666666666666,2.7,9.033333333333333,217.89333333333335,71.63066666666667,1.4933333333333332,1.68
254,2022-02,대전충청,-0.9846153846153847,4.892307692307693,-6.53076923076923,55.84615384615385,12.153846153846153,3.661538461538462,1.853846153846154,7.446153846153846,210.1076923076923,69.11153846153846,0.5461538461538462,1.2615384615384615
255,2022-02,부산경남,2.1375,8.15625,-3.31875,42.3125,10.875,0.26875,2.23125,7.81875,225.7,74.160625,0.0,4.15
256,2022-02,서울,-1.1,3.8,-5.3,55.0,21.0,4.7,2.6,7.4,203.8,67.33,5.0,0.8
257,2022-02,인천,-1.0666666666666667,2.733333333333333,-4.766666666666667,59.0,18.333333333333332,3.6,3.5,11.033333333333333,200.1,66.15666666666667,2.033333333333333,0.23333333333333336
258,2022-02,전북,-0.26999999999999996,5.38,-5.5200000000000005,61.7,13.6,6.890000000000001,1.95,7.909999999999999,193.38,63.361000000000004,0.21000000000000002,2.38
259,2022-02,제주,5.4,8.525,2.475,61.75,22.0,20.75,4.425,12.075,137.775,44.7425,0.075,5.825
260,2022-03,강원,6.242857142857143,12.042857142857143,0.6785714285714286,62.142857142857146,9.285714285714286,88.67857142857143,1.7714285714285716,8.77142857142857,187.69285714285712,50.6,0.5857142857142856,6.457142857142857
261,2022-03,경기,6.6,13.080000000000002,0.78,67.0,12.8,92.44,1.58,9.24,179.78,48.458,0.0,6.9
262,2022-03,광주전남,8.785714285714286,14.514285714285714,3.557142857142857,69.21428571428571,16.571428571428573,122.73571428571428,2.664285714285714,11.242857142857144,182.92857142857142,49.26714285714286,0.0,10.278571428571428
263,2022-03,대구경북,7.819999999999999,14.026666666666667,1.8666666666666667,61.86666666666667,11.466666666666667,70.85999999999999,2.1733333333333333,9.74,192.52666666666667,51.89,0.0,9.153333333333334
264,2022-03,대전충청,7.023076923076923,13.276923076923076,0.9692307692307692,65.92307692307692,13.538461538461538,74.95384615384616,1.5769230769230769,8.376923076923077,175.3846153846154,47.39153846153847,0.0,8.738461538461538
265,2022-03,부산경남,9.4625,15.675,3.60625,61.375,9.1875,102.0625,1.85625,8.475,193.69375,52.398125,0.0,11.06875
266,2022-03,서울,7.7,12.7,3.2,62.0,15.0,102.6,2.5,8.8,173.0,46.64,0.7,8.3
267,2022-03,인천,6.066666666666666,10.133333333333335,2.3333333333333335,68.33333333333333,16.333333333333332,83.23333333333333,3.266666666666667,12.200000000000001,178.6,48.156666666666666,0.3333333333333333,7.233333333333333
268,2022-03,전북,7.470000000000001,13.930000000000001,1.47,68.8,15.7,83.22999999999999,1.8800000000000001,9.41,171.82999999999998,46.42,0.0,8.84
269,2022-03,제주,11.45,15.3,7.875,72.25,23.5,115.625,3.775,14.175,171.22500000000002,46.087500000000006,0.0,12.75
270,2022-04,강원,13.214285714285714,19.8,6.5928571428571425,54.0,10.857142857142858,39.84285714285714,1.9142857142857144,7.571428571428571,252.25,63.79857142857143,0.0,15.307142857142859
271,2022-04,경기,13.440000000000001,20.84,6.859999999999999,59.6,15.4,35.32,1.6800000000000002,6.4,254.95999999999998,64.512,0.0,16.82
272,2022-04,광주전남,14.021428571428572,20.25,8.485714285714286,66.35714285714286,13.214285714285714,80.36428571428571,2.2857142857142856,8.285714285714286,233.12142857142857,59.60071428571428,0.0,17.79285714285714
273,2022-04,대구경북,14.020000000000001,20.933333333333334,7.113333333333333,57.2,11.333333333333334,41.70666666666667,2.2199999999999998,8.006666666666668,250.37333333333333,63.562666666666665,0.0,17.373333333333335
274,2022-04,대전충청,13.36153846153846,20.56153846153846,6.4692307692307685,59.0,12.615384615384615,54.26923076923077,1.623076923076923,6.892307692307692,251.09230769230768,63.887692307692305,0.0,16.599999999999998
275,2022-04,부산경남,14.68125,21.19375,8.7875,61.125,9.375,93.4625,1.74375,6.86875,234.20625,59.654375,0.0,17.8125
276,2022-04,서울,14.8,20.6,10.0,55.0,17.0,20.4,2.7,8.4,246.4,62.35,0.0,18.1
277,2022-04,인천,11.866666666666667,16.366666666666667,7.8,65.66666666666667,16.666666666666668,13.966666666666669,3.1333333333333333,9.766666666666667,247.36666666666667,62.56666666666666,0.0,15.533333333333333
278,2022-04,전북,13.37,20.47,7.05,63.1,12.0,59.779999999999994,1.78,7.2,249.93,63.597,0.0,16.130000000000003
279,2022-04,제주,15.425,19.3,11.95,71.75,22.75,99.6,3.15,10.950000000000001,229.05,58.665,0.0,18.625
280,2022-05,강원,17.271428571428572,23.900000000000002,10.542857142857143,55.642857142857146,13.142857142857142,9.314285714285715,1.8285714285714287,7.25,285.00714285714287,64.845,0.0,22.157142857142855
281,2022-05,경기,17.66,24.78,10.84,61.4,13.2,11.6,1.6800000000000002,7.159999999999999,293.12,66.596,0.0,23.880000000000003
282,2022-05,광주전남,17.928571428571427,24.235714285714288,12.171428571428573,63.357142857142854,18.285714285714285,2.7857142857142856,2.207142857142857,7.621428571428572,283.24285714285713,65.63428571428571,0.0,23.928571428571427
283,2022-05,대구경북,18.59333333333333,25.540000000000003,11.54,53.4,16.8,4.46,2.1599999999999997,7.846666666666667,303.8666666666667,69.46000000000001,0.0,24.993333333333332
284,2022-05,대전충청,17.73846153846154,24.6,10.899999999999999,57.23076923076923,15.692307692307692,6.5,1.7384615384615385,6.515384615384615,308.61538461538464,70.67153846153846,0.0,23.515384615384615
285,2022-05,부산경남,19.1,25.86875,12.7375,55.5625,16.625,4.0,1.71875,7.125,291.44375,67.44,0.0,24.88125
286,2022-05,서울,19.1,25.0,13.9,55.0,16.0,7.5,2.6,7.6,302.3,68.69,0.0,25.2
287,2022-05,인천,15.933333333333332,20.433333333333334,11.733333333333334,68.66666666666667,15.0,7.033333333333334,3.1,8.733333333333333,276.0,62.669999999999995,0.0,22.866666666666664
288,2022-05,전북,17.54,24.490000000000002,10.889999999999999,60.2,17.2,3.7299999999999995,1.77,7.35,283.39,67.682,0.0,22.61
289,2022-05,제주,18.875,22.775,15.4,69.5,21.75,17.05,2.95,8.8,250.04999999999998,58.0725,0.0,23.575
290,2022-06,강원,21.27857142857143,26.150000000000002,17.02857142857143,74.92857142857143,16.5,267.00714285714287,1.6928571428571428,7.228571428571429,164.2357142857143,37.154999999999994,0.0,24.864285714285717
291,2022-06,경기,22.22,27.119999999999997,18.02,76.4,18.8,430.46000000000004,1.6199999999999999,7.840000000000001,152.38,34.512,0.0,25.860000000000003
292,2022-06,광주전남,22.457142857142856,26.692857142857143,19.22142857142857,81.28571428571429,25.642857142857142,94.61428571428571,2.65,8.964285714285714,159.03571428571428,36.72428571428571,0.0,26.942857142857143
293,2022-06,대구경북,22.433333333333334,27.813333333333333,17.686666666666667,73.4,17.266666666666666,102.49333333333334,2.04,7.34,194.3,44.312,0.0,27.146666666666665
294,2022-06,대전충청,22.753846153846155,27.83076923076923,18.346153846153847,73.38461538461539,15.615384615384615,173.93846153846152,1.8769230769230771,7.046153846153846,171.10000000000002,39.09538461538462,0.0,26.73076923076923
295,2022-06,부산경남,22.6125,27.35,18.85625,76.625,19.4375,137.39375,1.9875,6.93125,178.74375,41.08125,0.0,26.40625
296,2022-06,서울,23.3,27.5,19.8,73.0,18.0,393.8,2.5,9.9,131.9,29.83,0.0,25.8
297,2022-06,인천,20.766666666666666,24.366666666666664,17.866666666666664,83.0,33.333333333333336,330.0,3.033333333333333,10.933333333333332,127.16666666666667,28.763333333333332,0.0,25.03333333333333
298,2022-06,전북,22.84,27.839999999999996,18.830000000000002,75.8,19.5,178.45999999999998,2.06,8.14,174.5,40.022000000000006,0.0,26.3
299,2022-06,제주,22.65,25.65,20.275,88.5,46.75,197.475,3.425,11.775,158.875,36.925,0.0,26.2
300,2022-07,강원,24.77857142857143,29.407142857142855,21.464285714285715,83.14285714285714,41.57142857142857,212.42857142857142,1.1714285714285713,6.042857142857143,161.53571428571428,35.96857142857143,0.0,28.25714285714286
301,2022-07,경기,26.1,30.580000000000002,22.54,83.4,43.8,274.08000000000004,1.24,5.84,172.56,38.456,0.0,29.22
302,2022-07,광주전남,26.385714285714283,30.27857142857143,23.264285714285712,83.21428571428571,46.285714285714285,204.54285714285714,2.357142857142857,9.578571428571427,188.00714285714284,42.60285714285714,0.0,29.607142857142858
303,2022-07,대구경북,25.7,30.346666666666668,22.14,80.73333333333333,37.333333333333336,132.16666666666666,1.5733333333333335,6.2733333333333325,161.37333333333333,36.204,0.0,29.540000000000003
304,2022-07,대전충청,26.06153846153846,30.46923076923077,22.476923076923075,80.92307692307692,41.46153846153846,194.3230769230769,1.4076923076923078,6.176923076923076,172.34615384615384,38.635384615384616,0.0,29.215384615384615
305,2022-07,부산경남,26.575,31.14375,22.96875,79.6875,38.75,156.4375,1.4375,6.8,182.24375,41.519375,0.0,29.75625
306,2022-07,서울,27.3,31.0,24.2,77.0,46.0,252.3,2.1,5.6,140.1,31.22,0.0,29.1
307,2022-07,인천,25.133333333333336,28.633333333333336,22.400000000000002,85.33333333333333,48.333333333333336,230.20000000000002,2.433333333333333,9.433333333333334,181.63333333333333,40.44,0.0,28.666666666666668
308,2022-07,전북,26.080000000000002,30.46,22.48,80.9,43.6,143.62,1.69,7.92,169.76,38.279,0.0,28.830000000000002
309,2022-07,제주,27.3,30.35,24.825,86.25,50.0,226.325,3.2,11.05,213.2,48.692499999999995,0.0,30.8
310,2022-08,강원,24.021428571428572,27.942857142857143,20.835714285714285,83.21428571428571,33.642857142857146,404.39285714285717,1.2785714285714285,6.442857142857143,124.7,29.650714285714287,0.0,26.392857142857142
311,2022-08,경기,24.7,28.6,21.66,86.8,36.6,592.4,1.28,6.76,132.76,31.508,0.0,27.22
312,2022-08,광주전남,26.32857142857143,29.935714285714287,23.414285714285715,84.71428571428571,38.07142857142857,127.89285714285714,2.242857142857143,8.671428571428573,139.52857142857144,34.62357142857143,0.0,28.728571428571428
313,2022-08,대구경북,25.133333333333333,29.386666666666667,21.706666666666667,82.0,32.733333333333334,213.42000000000002,1.54,6.386666666666667,135.1,32.21066666666667,0.0,27.92
314,2022-08,대전충청,24.984615384615385,28.73846153846154,21.815384615384616,84.07692307692308,34.23076923076923,455.53846153846155,1.4846153846153847,6.553846153846154,121.53846153846153,28.966153846153848,0.0,27.176923076923078
315,2022-08,부산경남,26.21875,30.2875,23.025,82.0,38.0,180.10625,1.6,6.8875,147.325,35.285,0.0,28.6375
316,2022-08,서울,25.7,28.9,23.1,80.0,39.0,564.8,2.3,8.6,116.3,28.55,0.0,26.8
317,2022-08,인천,24.266666666666666,27.233333333333334,21.733333333333334,85.66666666666667,37.333333333333336,359.6333333333334,2.6333333333333333,10.033333333333333,157.9,37.45333333333333,0.0,26.766666666666666
318,2022-08,전북,25.630000000000003,29.5,22.509999999999998,82.5,34.7,184.57999999999998,1.7899999999999998,7.12,128.02,30.625,0.0,27.68
319,2022-08,제주,28.1,31.099999999999998,25.625,82.75,48.5,191.10000000000002,3.4749999999999996,10.775,225.0,54.269999999999996,0.0,31.599999999999998
320,2022-09,강원,19.37142857142857,25.314285714285713,14.757142857142856,77.64285714285714,25.0,197.92142857142858,1.407142857142857,7.507142857142857,184.44285714285712,49.41857142857143,0.0,22.192857142857143
321,2022-09,경기,20.5,26.660000000000004,15.719999999999999,77.8,27.8,191.24,1.12,5.8,199.38000000000002,53.42,0.0,23.32
322,2022-09,광주전남,22.228571428571428,26.792857142857144,18.521428571428572,78.28571428571429,32.857142857142854,153.6357142857143,2.4642857142857144,14.357142857142858,161.25,43.76857142857143,0.0,24.849999999999998
323,2022-09,대구경북,20.326666666666664,25.68,15.993333333333334,79.06666666666666,26.4,130.01333333333332,1.8066666666666669,11.020000000000001,152.31333333333333,40.96333333333334,0.0,23.453333333333333
324,2022-09,대전충청,20.915384615384614,26.700000000000003,16.184615384615384,75.3076923076923,24.76923076923077,109.30000000000001,1.5153846153846153,7.615384615384615,181.8230769230769,48.886153846153846,0.0,23.984615384615385
325,2022-09,부산경남,21.88125,26.95625,17.89375,76.1875,27.0,190.0625,1.575,10.46875,145.35,39.0375,0.0,24.325
326,2022-09,서울,22.4,27.2,18.2,68.0,29.0,201.5,2.4,8.0,203.9,54.65,0.0,24.0
327,2022-09,인천,20.900000000000002,25.0,17.333333333333332,75.66666666666667,28.333333333333332,150.93333333333334,2.533333333333333,11.633333333333333,217.73333333333335,58.343333333333334,0.0,22.833333333333332
328,2022-09,전북,21.41,26.99,16.880000000000003,76.4,28.9,82.34,1.6600000000000001,9.48,168.0,45.114,0.0,24.169999999999998
329,2022-09,제주,23.975,26.9,21.65,78.75,27.5,306.275,3.9,20.675,144.7,38.9425,0.0,25.6
330,2022-10,강원,12.264285714285714,18.27857142857143,7.664285714285714,76.35714285714286,18.5,173.65,1.2785714285714285,7.507142857142857,158.93571428571428,45.635714285714286,0.0,14.207142857142857
331,2022-10,경기,12.86,19.419999999999998,7.74,77.4,22.2,124.0,1.0,6.040000000000001,202.1,58.008,0.0,15.14
332,2022-10,광주전남,15.521428571428572,21.150000000000002,10.792857142857143,69.57142857142857,22.785714285714285,27.064285714285713,2.5214285714285714,9.728571428571428,238.32857142857142,67.89857142857143,0.0,17.992857142857144
333,2022-10,대구경북,13.753333333333334,20.06,8.5,74.6,20.666666666666668,75.49333333333334,1.7666666666666666,8.526666666666666,183.36666666666667,52.471333333333334,0.0,16.106666666666666
334,2022-10,대전충청,13.338461538461539,19.676923076923078,7.938461538461539,74.84615384615384,20.692307692307693,101.45384615384616,1.2076923076923078,6.630769230769231,197.86153846153846,58.26230769230769,0.0,15.984615384615385
335,2022-10,부산경남,15.59375,22.0125,10.3625,68.5625,19.375,19.21875,1.55,7.775,219.05625,62.77375,0.0,18.46875
336,2022-10,서울,14.6,19.7,10.3,69.0,25.0,124.1,2.2,6.8,216.0,62.02,0.0,15.7
337,2022-10,인천,13.700000000000001,17.766666666666666,10.066666666666668,70.33333333333333,25.666666666666668,122.60000000000001,2.9,11.700000000000001,223.4333333333333,64.16333333333334,0.0,14.833333333333334
338,2022-10,전북,13.830000000000002,20.46,8.34,73.0,23.4,52.470000000000006,1.56,7.790000000000001,226.24,65.04,0.0,16.169999999999998
339,2022-10,제주,18.325,21.525,15.425,68.25,28.5,19.625,3.9749999999999996,11.575000000000001,204.75,58.1025,0.0,20.25
340,2022-11,강원,8.207142857142857,14.914285714285715,2.657142857142857,66.64285714285714,11.714285714285714,57.43571428571429,1.2714285714285716,7.757142857142857,174.55714285714288,57.18714285714286,0.0,8.121428571428572
341,2022-11,경기,8.16,15.12,2.38,72.8,16.6,64.38,0.9800000000000001,5.88,174.98,57.25599999999999,0.0,8.92
342,2022-11,광주전남,11.5,17.85,6.142857142857143,69.92857142857143,21.0,53.121428571428574,2.25,10.799999999999999,184.77857142857144,59.36071428571428,0.028571428571428574,11.87857142857143
343,2022-11,대구경북,9.54,16.8,3.6066666666666665,66.8,14.933333333333334,70.56,1.68,8.173333333333334,189.05333333333334,61.406666666666666,0.0,9.860000000000001
344,2022-11,대전충청,8.615384615384615,15.838461538461539,2.6769230769230767,70.38461538461539,17.46153846153846,49.53846153846154,1.146153846153846,6.43076923076923,186.30769230769232,60.55307692307693,0.03076923076923077,9.7
345,2022-11,부산경남,11.31875,18.475,5.5625,64.375,14.9375,56.03125,1.3375,7.225,194.43125,62.9575,0.0,12.30625
346,2022-11,서울,10.0,15.4,5.6,65.0,23.0,84.5,2.1,6.5,187.5,61.37,0.0,9.5
347,2022-11,인천,9.533333333333333,13.866666666666667,5.633333333333333,69.0,24.0,74.13333333333334,2.8666666666666667,12.366666666666667,169.76666666666668,55.61666666666667,0.3666666666666667,9.466666666666667
348,2022-11,전북,9.51,16.86,3.5100000000000002,70.5,17.5,72.99,1.46,7.459999999999999,183.67000000000002,59.324,0.0,10.309999999999999
349,2022-11,제주,15.475,19.275,12.1,70.0,26.75,102.475,3.525,10.7,181.0,57.6575,0.0,15.875
350,2022-12,강원,-3.585714285714286,1.792857142857143,-8.414285714285715,56.42857142857143,15.357142857142858,5.964285714285714,1.7428571428571427,7.778571428571429,179.34285714285716,61.55357142857143,0.43571428571428567,-1.25
351,2022-12,경기,-4.6,0.9400000000000001,-9.5,67.8,21.4,13.12,1.1400000000000001,6.74,189.28,63.410000000000004,1.4,-0.76
352,2022-12,광주전남,1.9142857142857144,6.442857142857143,-2.142857142857143,65.78571428571429,21.857142857142858,17.007142857142856,2.75,10.171428571428573,162.3857142857143,53.02928571428571,4.292857142857143,2.4714285714285715
353,2022-12,대구경북,-0.92,4.36,-5.586666666666667,57.06666666666667,17.8,13.546666666666665,2.4133333333333336,9.4,182.48666666666668,60.61133333333334,2.6533333333333333,-0.1
354,2022-12,대전충청,-2.853846153846154,2.430769230769231,-7.615384615384615,68.84615384615384,20.76923076923077,20.023076923076925,1.3692307692307693,7.207692307692308,158.26153846153846,52.51846153846154,1.7461538461538462,0.24615384615384617
355,2022-12,부산경남,1.2625,6.81875,-3.40625,53.8125,10.6875,10.2875,1.85625,8.375,201.2625,66.12125,0.0,2.33125
356,2022-12,서울,-2.8,1.7,-6.6,59.0,21.0,13.6,2.3,7.4,197.1,65.99,4.5,-1.8
357,2022-12,인천,-2.2333333333333334,1.4000000000000001,-5.8,62.0,23.666666666666668,17.2,3.4,11.866666666666667,169.0,56.63999999999999,3.9,-0.3666666666666667
358,2022-12,전북,-1.21,4.029999999999999,-5.87,71.0,20.5,39.910000000000004,1.59,8.75,147.55,48.491,1.56,1.1199999999999999
359,2022-12,제주,6.8,9.75,4.025,66.0,27.75,34.324999999999996,4.725,13.674999999999999,101.0,32.5375,2.6500000000000004,6.824999999999999
360,2023-01,강원,-2.6785714285714284,2.9499999999999997,-8.007142857142856,60.142857142857146,14.071428571428571,49.857142857142854,1.5071428571428573,7.507142857142857,175.74285714285716,58.345000000000006,1.5571428571428572,-1.3071428571428572
361,2023-01,경기,-3.12,2.58,-8.52,69.4,21.4,43.8,1.12,6.5200000000000005,185.4,60.346000000000004,1.1,-1.2200000000000002
362,2023-01,광주전남,2.0785714285714287,7.328571428571428,-2.6714285714285713,67.0,24.642857142857142,55.300000000000004,2.8000000000000003,10.828571428571427,182.47857142857143,58.12214285714286,1.1857142857142857,2.3000000000000003
363,2023-01,대구경북,-0.3,5.653333333333333,-5.486666666666666,57.2,14.533333333333333,33.446666666666665,2.2733333333333334,9.76,197.6,63.75933333333333,5.366666666666666,-0.10000000000000002
364,2023-01,대전충청,-1.6846153846153844,4.146153846153846,-6.976923076923077,67.76923076923077,20.307692307692307,28.123076923076926,1.4307692307692308,7.407692307692307,190.46923076923076,61.52230769230769,0.5923076923076923,-0.007692307692307691
365,2023-01,부산경남,1.66875,7.925,-3.7375,54.5,9.8125,61.95,1.80625,9.4375,207.85,66.465,0.0,2.20625
366,2023-01,서울,-1.5,3.2,-5.7,63.0,25.0,47.9,2.4,7.5,190.9,62.16,4.5,-1.2
367,2023-01,인천,-1.6000000000000003,2.1666666666666665,-5.2,66.66666666666667,24.333333333333332,43.56666666666666,3.3000000000000003,10.933333333333332,176.33333333333334,57.46,7.466666666666666,-0.5333333333333333
368,2023-01,전북,-0.32999999999999996,5.3100000000000005,-5.61,70.2,18.5,27.0,1.69,8.059999999999999,174.66000000000003,55.989999999999995,0.1,0.8800000000000001
369,2023-01,제주,6.7,10.3,3.45,67.75,32.25,59.7,4.2,14.725,126.17500000000001,39.785000000000004,1.8,6.725
370,2023-02,강원,0.9571428571428572,6.742857142857143,-4.3428571428571425,59.357142857142854,11.142857142857142,15.992857142857144,1.4357142857142857,7.414285714285714,178.3642857142857,59.010714285714286,2.05,0.9714285714285714
371,2023-02,경기,1.02,7.359999999999999,-4.5200000000000005,63.0,17.2,0.72,1.1800000000000002,6.5,188.32,62.266000000000005,0.0,1.8199999999999998
372,2023-02,광주전남,4.007142857142857,9.607142857142858,-0.75,64.21428571428571,15.214285714285714,30.407142857142855,2.542857142857143,9.735714285714286,174.27142857142857,56.92928571428571,0.03571428571428571,4.835714285714286
373,2023-02,대구경북,2.9466666666666668,9.133333333333333,-2.5,57.266666666666666,11.0,19.10666666666667,2.033333333333333,8.58,171.12,56.43066666666667,3.52,3.24
374,2023-02,대전충청,1.5076923076923079,7.746153846153846,-4.1000000000000005,62.30769230769231,15.846153846153847,3.715384615384615,1.376923076923077,7.053846153846154,182.26923076923077,60.46230769230769,0.0,2.9153846153846152
375,2023-02,부산경남,4.61875,10.98125,-0.8687499999999999,56.0,10.4375,26.75625,1.6,7.4,175.50625,57.72375,0.0,5.4125000000000005
376,2023-02,서울,2.3,7.3,-1.9,59.0,21.0,1.0,2.3,6.8,198.2,65.52,0.0,2.0
377,2023-02,인천,1.3,5.066666666666667,-2.1333333333333333,64.66666666666667,23.666666666666668,0.9666666666666668,3.0,10.4,204.4333333333333,67.62,0.0,2.033333333333333
378,2023-02,전북,1.9,8.21,-3.55,65.9,12.6,10.53,1.47,7.840000000000001,175.4,57.496,0.04,3.2199999999999998
379,2023-02,제주,7.95,11.275,4.925,69.25,30.0,78.175,3.7,11.65,137.22500000000002,44.587500000000006,0.0,8.4
380,2023-03,강원,8.25,15.299999999999999,1.4142857142857141,52.57142857142857,8.428571428571429,13.12142857142857,1.6142857142857143,7.4071428571428575,232.3857142857143,63.31785714285714,0.05714285714285715,8.735714285714286
381,2023-03,경기,8.379999999999999,16.380000000000003,1.1,54.0,10.2,9.68,1.48,7.4799999999999995,237.61999999999998,64.096,0.0,9.780000000000001
382,2023-03,광주전남,9.892857142857142,16.485714285714288,4.05,62.785714285714285,11.928571428571429,38.528571428571425,2.3642857142857143,9.814285714285715,225.46428571428572,60.777857142857144,0.0,11.578571428571427
383,2023-03,대구경북,9.860000000000001,17.19333333333333,2.96,53.6,10.466666666666667,35.3,2.02,8.953333333333335,231.17333333333332,62.352666666666664,0.2,11.353333333333333
384,2023-03,대전충청,8.776923076923076,16.50769230769231,1.276923076923077,51.92307692307692,10.76923076923077,16.76923076923077,1.5615384615384615,7.338461538461539,245.03846153846155,66.09076923076923,0.0,10.76923076923077
385,2023-03,부산경남,10.86875,17.9125,4.65,58.5375,8.9375,51.9,1.65,8.268749999999999,216.23125,59.371875,0.0,12.6625
386,2023-03,서울,9.8,16.2,4.2,51.0,13.0,10.5,2.3,7.3,239.8,64.71,0.0,9.9
387,2023-03,인천,7.066666666666666,11.766666666666666,2.766666666666667,64.0,12.666666666666666,6.266666666666667,3.1999999999999997,10.966666666666667,224.4333333333333,60.56,0.0,8.966666666666667
388,2023-03,전북,8.879999999999999,16.57,1.8399999999999999,56.4,10.5,29.95,1.81,8.190000000000001,238.6,64.34,0.0,10.47
389,2023-03,제주,12.4,16.1,8.75,67.75,21.0,52.625,3.35,11.9,203.9,54.910000000000004,0.0,13.625
390,2023-04,강원,12.178571428571429,18.185714285714287,6.178571428571429,58.92857142857143,8.714285714285714,57.5,1.9357142857142857,9.778571428571428,197.54285714285714,50.15,0.0,14.37142857142857
391,2023-04,경기,12.78,19.119999999999997,6.6,62.0,11.0,78.9,1.64,7.840000000000001,185.54000000000002,46.986000000000004,0.0,15.440000000000001
392,2023-04,광주전남,13.364285714285714,18.849999999999998,7.892857142857143,69.92857142857143,10.357142857142858,99.27142857142857,2.5928571428571425,9.992857142857144,191.06428571428572,48.769999999999996,0.0,15.557142857142859
393,2023-04,대구경북,13.106666666666666,19.4,6.66,60.8,9.8,46.980000000000004,2.2666666666666666,9.34,209.76666666666668,53.522000000000006,0.0,16.166666666666668
394,2023-04,대전충청,12.907692307692308,19.284615384615385,6.3538461538461535,61.07692307692308,9.461538461538462,45.07692307692308,1.8076923076923077,7.884615384615385,195.19230769230768,49.567692307692305,0.0,16.107692307692307
395,2023-04,부산경남,14.08125,20.04375,8.26875,62.8125,8.9375,86.68125,1.9875,8.3875,202.725,51.6725,0.0,16.71875
396,2023-04,서울,13.8,19.0,8.8,60.0,14.0,96.9,2.5,9.3,182.3,46.18,0.0,15.8
397,2023-04,인천,11.666666666666666,15.966666666666667,7.5,64.66666666666667,9.333333333333334,77.43333333333334,3.266666666666667,11.0,186.5666666666667,47.22,0.0,14.199999999999998
398,2023-04,전북,12.99,19.369999999999997,6.62,64.2,9.2,54.58,2.0,9.0,187.25,47.68,0.0,15.540000000000001
399,2023-04,제주,15.225,18.775,11.75,70.5,13.5,134.75,4.175,14.55,201.85,51.7075,0.0,17.825
